[{"model": "reviewapp.category", "pk": 1, "fields": {"category_text": "Vegetarian"}}, {"model": "reviewapp.category", "pk": 2, "fields": {"category_text": "Vietnamese"}}, {"model": "reviewapp.category", "pk": 3, "fields": {"category_text": "Korean"}}, {"model": "reviewapp.category", "pk": 4, "fields": {"category_text": "Japanese"}}, {"model": "reviewapp.category", "pk": 5, "fields": {"category_text": "Malaysian"}}, {"model": "reviewapp.category", "pk": 6, "fields": {"category_text": "Local Delights"}}, {"model": "reviewapp.restaurant", "pk": 1, "fields": {"category": 4, "restaurant_text": "Makisan", "restaurant_address": "Singpost Centre"}}, {"model": "reviewapp.restaurant", "pk": 2, "fields": {"category": 6, "restaurant_text": "Ah Long Pancake", "restaurant_address": "Paya Lebar Square"}}, {"model": "reviewapp.restaurant", "pk": 3, "fields": {"category": 1, "restaurant_text": "VeganBurg", "restaurant_address": "44 Jalan Eunos"}}, {"model": "reviewapp.restaurant", "pk": 4, "fields": {"category": 2, "restaurant_text": "Vietnam Delights", "restaurant_address": "NUS Business Canteen"}}, {"model": "reviewapp.restaurant", "pk": 5, "fields": {"category": 3, "restaurant_text": "Don Dae Bak", "restaurant_address": "Outram Park"}}, {"model": "reviewapp.restaurant", "pk": 6, "fields": {"category": 1, "restaurant_text": "Whole Earth Thai", "restaurant_address": "Peck Seah Street"}}, {"model": "reviewapp.restaurant", "pk": 7, "fields": {"category": 5, "restaurant_text": "Papparich", "restaurant_address": "Parkway Parade"}}, {"model": "reviewapp.restaurant", "pk": 8, "fields": {"category": 1, "restaurant_text": "North South East West", "restaurant_address": "Tanjong Katong Road"}}, {"model": "reviewapp.restaurant", "pk": 9, "fields": {"category": 1, "restaurant_text": "Well-Dressed Salad Bar", "restaurant_address": "Chinatown"}}, {"model": "reviewapp.restaurant", "pk": 10, "fields": {"category": 2, "restaurant_text": "So Pho", "restaurant_address": "Waterway Point"}}, {"model": "reviewapp.restaurant", "pk": 11, "fields": {"category": 2, "restaurant_text": "Little Vietnam", "restaurant_address": "511 Guillemard Road"}}, {"model": "reviewapp.restaurant", "pk": 12, "fields": {"category": 2, "restaurant_text": "Nam Nam Noodle Bar", "restaurant_address": "Raffles City"}}, {"model": "reviewapp.restaurant", "pk": 13, "fields": {"category": 3, "restaurant_text": "Manna Story", "restaurant_address": "Plaza Singapura"}}, {"model": "reviewapp.restaurant", "pk": 14, "fields": {"category": 4, "restaurant_text": "Genki Sushi", "restaurant_address": "Bishan"}}, {"model": "reviewapp.restaurant", "pk": 15, "fields": {"category": 4, "restaurant_text": "Ajisen Ramen", "restaurant_address": "Tampines One"}}, {"model": "reviewapp.restaurant", "pk": 16, "fields": {"category": 5, "restaurant_text": "Ampang Niang Tou Fu", "restaurant_address": "225 East Coast Road"}}, {"model": "reviewapp.restaurant", "pk": 17, "fields": {"category": 6, "restaurant_text": "Pastamanna", "restaurant_address": "Old Airport Road Hawker Centre"}}, {"model": "reviewapp.restaurant", "pk": 18, "fields": {"category": 6, "restaurant_text": "Dongji Kway Teow", "restaurant_address": "Old Airport Road Hawker Centre"}}, {"model": "reviewapp.restaurant", "pk": 19, "fields": {"category": 6, "restaurant_text": "Toastbox", "restaurant_address": "Parkway Parade"}}, {"model": "reviewapp.review", "pk": 1, "fields": {"restaurant": 1, "review_user": 3, "review_title": "1", "review_description": "Tempura Enoki was too huge a chunk!! Too oily, it was dripping oil...:(", "review_rate": 4, "review_price": 0, "review_date": "2019-02-28T15:22:42.848Z"}}, {"model": "reviewapp.review", "pk": 2, "fields": {"restaurant": 1, "review_user": 2, "review_title": "1", "review_description": "Too oily!!!!!", "review_rate": 2, "review_price": 0, "review_date": "2019-02-28T15:22:42.848Z"}}, {"model": "reviewapp.review", "pk": 3, "fields": {"restaurant": 1, "review_user": 4, "review_title": "1", "review_description": "YUMMY!! :D Will be back!", "review_rate": 5, "review_price": 0, "review_date": "2019-02-28T15:22:42.848Z"}}, {"model": "reviewapp.review", "pk": 4, "fields": {"restaurant": 1, "review_user": 4, "review_title": "1", "review_description": "not nice at all...", "review_rate": 1, "review_price": 0, "review_date": "2019-02-28T15:22:42.848Z"}}, {"model": "reviewapp.review", "pk": 6, "fields": {"restaurant": 2, "review_user": 4, "review_title": "1", "review_description": "Very delicious, highly recommended!", "review_rate": 5, "review_price": 0, "review_date": "2019-02-28T15:22:42.848Z"}}, {"model": "reviewapp.review", "pk": 8, "fields": {"restaurant": 2, "review_user": 4, "review_title": "1", "review_description": "Not bad, quite worth the money", "review_rate": 3, "review_price": 0, "review_date": "2019-02-28T15:22:42.848Z"}}, {"model": "reviewapp.review", "pk": 12, "fields": {"restaurant": 1, "review_user": 4, "review_title": "Worth the buck!", "review_description": "Slightly expensive but great for meetups!", "review_rate": 5, "review_price": 2, "review_date": "2019-03-01T01:57:09.334Z"}}, {"model": "reviewapp.review", "pk": 13, "fields": {"restaurant": 2, "review_user": 4, "review_title": "Quick bites", "review_description": "I like it", "review_rate": 1, "review_price": 3, "review_date": "2019-03-01T03:15:04.188Z"}}, {"model": "reviewapp.review", "pk": 31, "fields": {"restaurant": 1, "review_user": 2, "review_title": "asdfdsaf", "review_description": "safasdfa", "review_rate": 1, "review_price": 1, "review_date": "2019-03-16T14:48:59.916Z"}}, {"model": "reviewapp.review", "pk": 32, "fields": {"restaurant": 4, "review_user": 4, "review_title": "Worth the $!", "review_description": "I love this shop so much! YUMMY!", "review_rate": 5, "review_price": 2, "review_date": "2019-04-04T14:29:30.958Z"}}, {"model": "reviewapp.review", "pk": 33, "fields": {"restaurant": 1, "review_user": 4, "review_title": "Nice!", "review_description": "i love it!", "review_rate": 4, "review_price": 2, "review_date": "2019-04-04T14:33:19.983Z"}}, {"model": "reviewapp.review", "pk": 35, "fields": {"restaurant": 4, "review_user": 4, "review_title": "Nice!", "review_description": "Yummy! :D", "review_rate": 5, "review_price": 2, "review_date": "2019-04-04T14:46:12.917Z"}}, {"model": "reviewapp.review", "pk": 36, "fields": {"restaurant": 4, "review_user": 4, "review_title": "YUMMY!", "review_description": "I love it!:)))", "review_rate": 3, "review_price": 2, "review_date": "2019-04-04T14:47:45.639Z"}}, {"model": "reviewapp.review", "pk": 37, "fields": {"restaurant": 4, "review_user": 4, "review_title": "Yummy!", "review_description": "i love it so much!! :D", "review_rate": 4, "review_price": 2, "review_date": "2019-04-04T14:51:07.034Z"}}, {"model": "reviewapp.review", "pk": 39, "fields": {"restaurant": 2, "review_user": 1, "review_title": "Holy smokes! Best popiah ever!", "review_description": "Crispy but soft on the itself. Melts in your mouth! :)", "review_rate": 4, "review_price": 3, "review_date": "2019-07-20T08:56:41.392Z"}}, {"model": "reviewapp.review", "pk": 40, "fields": {"restaurant": 1, "review_user": 1, "review_title": "SO GOOD LAH", "review_description": "I love this sushi place so much!", "review_rate": 5, "review_price": 2, "review_date": "2019-07-20T09:17:24.482Z"}}, {"model": "reviewapp.review", "pk": 41, "fields": {"restaurant": 6, "review_user": 1, "review_title": "I love it! <3", "review_description": "My favorite restaurant in Singapore!", "review_rate": 3, "review_price": 2, "review_date": "2019-07-20T09:31:26.055Z"}}, {"model": "reviewapp.review", "pk": 42, "fields": {"restaurant": 6, "review_user": 1, "review_title": "Really awesome", "review_description": "Hands down the best...", "review_rate": 3, "review_price": 2, "review_date": "2019-07-20T09:33:28.919Z"}}, {"model": "reviewapp.review", "pk": 43, "fields": {"restaurant": 5, "review_user": 4, "review_title": "GOOD!", "review_description": "i love it!", "review_rate": 4, "review_price": 3, "review_date": "2019-07-20T10:24:34.566Z"}}, {"model": "reviewapp.review", "pk": 44, "fields": {"restaurant": 6, "review_user": 1, "review_title": "Expensive but totally WORTH IT!", "review_description": "Its my go to favourite vegetarian restaurant in the whole of Singapore. It would be expensive. But totally worth it! Thumbs up!", "review_rate": 5, "review_price": 3, "review_date": "2019-07-20T22:07:11.819Z"}}, {"model": "reviewapp.review", "pk": 45, "fields": {"restaurant": 6, "review_user": 1, "review_title": "I love it!", "review_description": "vegetarian sambal belacan was AWESOME!", "review_rate": 4, "review_price": 2, "review_date": "2019-07-20T22:10:37.451Z"}}, {"model": "reviewapp.review", "pk": 46, "fields": {"restaurant": 3, "review_user": 1, "review_title": "BEST burgers in town!", "review_description": "Cannot even tell the difference between real and mock meat...So good!", "review_rate": 5, "review_price": 3, "review_date": "2019-07-21T05:27:45.524Z"}}, {"model": "reviewapp.review", "pk": 47, "fields": {"restaurant": 5, "review_user": 1, "review_title": "Favourite place to go!", "review_description": "I always enjoy coming here! :))", "review_rate": 4, "review_price": 3, "review_date": "2019-07-21T17:34:43.974Z"}}, {"model": "reviewapp.review", "pk": 48, "fields": {"restaurant": 5, "review_user": 1, "review_title": "Favourite place to go!", "review_description": "I always enjoy coming here! :))", "review_rate": 4, "review_price": 3, "review_date": "2019-07-21T17:35:03.869Z"}}, {"model": "reviewapp.review", "pk": 49, "fields": {"restaurant": 5, "review_user": 1, "review_title": "Favourite place to go!", "review_description": "I always enjoy coming here! :))", "review_rate": 4, "review_price": 3, "review_date": "2019-07-21T17:35:07.914Z"}}, {"model": "reviewapp.review", "pk": 50, "fields": {"restaurant": 5, "review_user": 1, "review_title": "Favourite place to go!", "review_description": "I always enjoy coming here! :))", "review_rate": 4, "review_price": 3, "review_date": "2019-07-21T17:35:15.550Z"}}, {"model": "reviewapp.review", "pk": 51, "fields": {"restaurant": 19, "review_user": 2, "review_title": "Chill place", "review_description": "A reason i love this place is because of its vibes. Great place to hang out!", "review_rate": 3, "review_price": 1, "review_date": "2019-07-26T09:38:45.238Z"}}, {"model": "reviewapp.review", "pk": 52, "fields": {"restaurant": 18, "review_user": 4, "review_title": "Cheap and good!", "review_description": "You can always count on this stall for consistently delicious food!", "review_rate": 4, "review_price": 1, "review_date": "2019-07-26T10:11:43.736Z"}}, {"model": "reviewapp.review", "pk": 53, "fields": {"restaurant": 17, "review_user": 4, "review_title": "Affordable italian food", "review_description": "Its handsdown the best pasta stall in hawker centre. Do not miss it! Long queue at times though.", "review_rate": 5, "review_price": 2, "review_date": "2019-07-26T10:12:34.375Z"}}, {"model": "reviewapp.review", "pk": 54, "fields": {"restaurant": 16, "review_user": 4, "review_title": "Delicious", "review_description": "Yummy!", "review_rate": 2, "review_price": 2, "review_date": "2019-07-26T10:12:52.928Z"}}, {"model": "reviewapp.review", "pk": 55, "fields": {"restaurant": 15, "review_user": 4, "review_title": "Absolutely love it!", "review_description": "My favourite place to meet friends, colleagues, and even to bring acquaintances. You cannot go wrong with Ajisen!", "review_rate": 4, "review_price": 2, "review_date": "2019-07-26T10:13:33.328Z"}}, {"model": "reviewapp.review", "pk": 56, "fields": {"restaurant": 7, "review_user": 4, "review_title": "Yummy!", "review_description": "Love it!", "review_rate": 3, "review_price": 2, "review_date": "2019-07-26T10:13:49.236Z"}}, {"model": "reviewapp.review", "pk": 57, "fields": {"restaurant": 14, "review_user": 4, "review_title": "Frequent patron", "review_description": "Love the train! So special :)", "review_rate": 4, "review_price": 2, "review_date": "2019-07-26T10:14:13.065Z"}}, {"model": "reviewapp.review", "pk": 58, "fields": {"restaurant": 13, "review_user": 4, "review_title": "A little noisy but food is delicious!", "review_description": "Whenever anyone wants to eat Korean food, i recommend this place.", "review_rate": 4, "review_price": 2, "review_date": "2019-07-26T10:14:39.804Z"}}, {"model": "reviewapp.review", "pk": 59, "fields": {"restaurant": 12, "review_user": 4, "review_title": "So-so", "review_description": "I am not impressed but i enjoyed it.", "review_rate": 3, "review_price": 2, "review_date": "2019-07-26T10:14:57.951Z"}}, {"model": "reviewapp.review", "pk": 60, "fields": {"restaurant": 6, "review_user": 4, "review_title": "A bit pricey but value for money", "review_description": "The best vegetarian sambal you can ever find!", "review_rate": 5, "review_price": 3, "review_date": "2019-07-26T10:16:19.190Z"}}, {"model": "reviewapp.review", "pk": 61, "fields": {"restaurant": 11, "review_user": 2, "review_title": "Nice", "review_description": "I love it!", "review_rate": 4, "review_price": 2, "review_date": "2019-07-26T10:18:53.918Z"}}, {"model": "reviewapp.review", "pk": 62, "fields": {"restaurant": 10, "review_user": 2, "review_title": "Best place to bring colleagues", "review_description": "I think its the slight atas-ness to the restaurant that makes it ideal for workplace gatherings. Perfect for lunch time meetings!", "review_rate": 3, "review_price": 2, "review_date": "2019-07-26T10:19:38.618Z"}}, {"model": "reviewapp.review", "pk": 63, "fields": {"restaurant": 17, "review_user": 3, "review_title": "Nice!", "review_description": "Love it!", "review_rate": 5, "review_price": 1, "review_date": "2019-07-26T10:38:42.853Z"}}, {"model": "reviewapp.review", "pk": 64, "fields": {"restaurant": 3, "review_user": 3, "review_title": "Did not disappoint", "review_description": "It was my first time eating vegan food and i was absolutely blown away!", "review_rate": 5, "review_price": 2, "review_date": "2019-07-26T10:39:08.231Z"}}, {"model": "reviewapp.review", "pk": 65, "fields": {"restaurant": 18, "review_user": 3, "review_title": "Delicous!", "review_description": "Yummy beyond words.", "review_rate": 4, "review_price": 1, "review_date": "2019-07-26T10:39:27.406Z"}}, {"model": "reviewapp.review", "pk": 66, "fields": {"restaurant": 15, "review_user": 3, "review_title": "Expensive but totally WORTH IT!", "review_description": "I enjoy it very much", "review_rate": 5, "review_price": 2, "review_date": "2019-07-26T10:39:47.325Z"}}, {"model": "reviewapp.review", "pk": 67, "fields": {"restaurant": 14, "review_user": 3, "review_title": "Amazing chawanmushi", "review_description": "Blown away...Definitely coming back!", "review_rate": 5, "review_price": 2, "review_date": "2019-07-26T10:40:09.560Z"}}, {"model": "reviewapp.review", "pk": 68, "fields": {"restaurant": 17, "review_user": 4, "review_title": "Best past in hawker centre!", "review_description": "I don't think you can find such an affordable italian shop in hawker centre. Best go!", "review_rate": 5, "review_price": 2, "review_date": "2019-07-26T10:44:52.027Z"}}, {"model": "reviewapp.review", "pk": 69, "fields": {"restaurant": 3, "review_user": 4, "review_title": "Awesome!", "review_description": "i love it, highly recommend!", "review_rate": 3, "review_price": 2, "review_date": "2019-07-26T13:13:45.594Z"}}, {"model": "reviewapp.review", "pk": 70, "fields": {"restaurant": 6, "review_user": 4, "review_title": "Great!", "review_description": "Love it!", "review_rate": 5, "review_price": 3, "review_date": "2019-07-26T13:19:08.122Z"}}, {"model": "reviewapp.review", "pk": 71, "fields": {"restaurant": 3, "review_user": 4, "review_title": "Favouite!", "review_description": "I love it!", "review_rate": 5, "review_price": 3, "review_date": "2019-07-26T14:06:43.584Z"}}, {"model": "reviewapp.review", "pk": 72, "fields": {"restaurant": 3, "review_user": 2, "review_title": "Best!", "review_description": "Simply the best i've eaten!", "review_rate": 5, "review_price": 3, "review_date": "2019-07-26T14:09:44.453Z"}}, {"model": "reviewapp.comment", "pk": 89, "fields": {"review": 46, "comment_user": 4, "comment_description": "really?"}}, {"model": "reviewapp.comment", "pk": 90, "fields": {"review": 46, "comment_user": 4, "comment_description": "Wow...."}}, {"model": "reviewapp.comment", "pk": 104, "fields": {"review": 37, "comment_user": 1, "comment_description": "I agree!!!"}}, {"model": "reviewapp.comment", "pk": 105, "fields": {"review": 50, "comment_user": 4, "comment_description": "OMG"}}, {"model": "reviewapp.comment", "pk": 106, "fields": {"review": 60, "comment_user": 4, "comment_description": "Went there a second time and the quality was consistent. I will continue to support them!"}}, {"model": "reviewapp.comment", "pk": 107, "fields": {"review": 63, "comment_user": 4, "comment_description": "I agree!!"}}, {"model": "reviewapp.comment", "pk": 108, "fields": {"review": 63, "comment_user": 4, "comment_description": "What do everyone else think?"}}, {"model": "reviewapp.comment", "pk": 109, "fields": {"review": 69, "comment_user": 4, "comment_description": "Wow!"}}, {"model": "reviewapp.comment", "pk": 110, "fields": {"review": 70, "comment_user": 4, "comment_description": "I love it!"}}, {"model": "reviewapp.comment", "pk": 111, "fields": {"review": 46, "comment_user": 4, "comment_description": "I agree!"}}, {"model": "reviewapp.comment", "pk": 112, "fields": {"review": 46, "comment_user": 2, "comment_description": "I agree!!!!"}}, {"model": "reviewapp.reply", "pk": 76, "fields": {"comment": 105, "reply_user": 4, "reply_description": "This is aweseom!"}}, {"model": "reviewapp.reply", "pk": 77, "fields": {"comment": 106, "reply_user": 4, "reply_description": "I agree!"}}, {"model": "reviewapp.reply", "pk": 78, "fields": {"comment": 108, "reply_user": 4, "reply_description": "Let me know?"}}, {"model": "reviewapp.reply", "pk": 79, "fields": {"comment": 108, "reply_user": 4, "reply_description": "Omg i'm typing so many replies!"}}, {"model": "reviewapp.reply", "pk": 80, "fields": {"comment": 109, "reply_user": 4, "reply_description": "Really?"}}, {"model": "reviewapp.reply", "pk": 81, "fields": {"comment": 110, "reply_user": 4, "reply_description": "I agree!"}}, {"model": "reviewapp.reply", "pk": 82, "fields": {"comment": 90, "reply_user": 4, "reply_description": "Is it true?"}}, {"model": "reviewapp.reply", "pk": 83, "fields": {"comment": 90, "reply_user": 4, "reply_description": "I can't believe it!"}}, {"model": "reviewapp.reply", "pk": 84, "fields": {"comment": 90, "reply_user": 2, "reply_description": "Definitely the best...."}}, {"model": "reviewapp.like", "pk": 1, "fields": {"review": 40, "user": 4}}, {"model": "reviewapp.like", "pk": 2, "fields": {"review": 33, "user": 4}}, {"model": "reviewapp.like", "pk": 8, "fields": {"review": 40, "user": 1}}, {"model": "reviewapp.like", "pk": 9, "fields": {"review": 33, "user": 1}}, {"model": "reviewapp.like", "pk": 10, "fields": {"review": 31, "user": 1}}, {"model": "reviewapp.like", "pk": 11, "fields": {"review": 44, "user": 1}}, {"model": "reviewapp.like", "pk": 12, "fields": {"review": 45, "user": 1}}, {"model": "reviewapp.like", "pk": 17, "fields": {"review": 42, "user": 1}}, {"model": "reviewapp.like", "pk": 18, "fields": {"review": 41, "user": 1}}, {"model": "reviewapp.like", "pk": 19, "fields": {"review": 12, "user": 1}}, {"model": "reviewapp.like", "pk": 20, "fields": {"review": 4, "user": 1}}, {"model": "reviewapp.like", "pk": 21, "fields": {"review": 3, "user": 1}}, {"model": "reviewapp.like", "pk": 22, "fields": {"review": 40, "user": 2}}, {"model": "reviewapp.like", "pk": 23, "fields": {"review": 13, "user": 2}}, {"model": "reviewapp.like", "pk": 24, "fields": {"review": 13, "user": 3}}, {"model": "reviewapp.like", "pk": 25, "fields": {"review": 37, "user": 1}}, {"model": "reviewapp.like", "pk": 26, "fields": {"review": 36, "user": 1}}, {"model": "reviewapp.like", "pk": 27, "fields": {"review": 35, "user": 1}}, {"model": "reviewapp.like", "pk": 28, "fields": {"review": 32, "user": 1}}, {"model": "reviewapp.like", "pk": 29, "fields": {"review": 43, "user": 1}}, {"model": "reviewapp.like", "pk": 30, "fields": {"review": 47, "user": 1}}, {"model": "reviewapp.like", "pk": 31, "fields": {"review": 49, "user": 1}}, {"model": "reviewapp.like", "pk": 32, "fields": {"review": 50, "user": 1}}, {"model": "reviewapp.like", "pk": 33, "fields": {"review": 48, "user": 1}}, {"model": "reviewapp.like", "pk": 34, "fields": {"review": 46, "user": 1}}, {"model": "reviewapp.like", "pk": 35, "fields": {"review": 2, "user": 1}}, {"model": "reviewapp.like", "pk": 36, "fields": {"review": 50, "user": 4}}, {"model": "reviewapp.like", "pk": 37, "fields": {"review": 45, "user": 4}}, {"model": "reviewapp.like", "pk": 38, "fields": {"review": 44, "user": 4}}, {"model": "reviewapp.like", "pk": 39, "fields": {"review": 60, "user": 4}}, {"model": "reviewapp.like", "pk": 40, "fields": {"review": 63, "user": 4}}, {"model": "reviewapp.like", "pk": 41, "fields": {"review": 53, "user": 4}}, {"model": "reviewapp.like", "pk": 42, "fields": {"review": 69, "user": 4}}, {"model": "reviewapp.like", "pk": 43, "fields": {"review": 70, "user": 4}}, {"model": "reviewapp.like", "pk": 44, "fields": {"review": 46, "user": 4}}, {"model": "reviewapp.like", "pk": 45, "fields": {"review": 71, "user": 4}}, {"model": "reviewapp.like", "pk": 46, "fields": {"review": 46, "user": 2}}, {"model": "admin.logentry", "pk": 1, "fields": {"action_time": "2019-02-27T08:30:51.426Z", "user": 1, "content_type": 4, "object_id": "2", "object_repr": "natalie", "action_flag": 1, "change_message": "[{\"added\": {}}]"}}, {"model": "admin.logentry", "pk": 2, "fields": {"action_time": "2019-02-27T08:41:11.922Z", "user": 1, "content_type": 7, "object_id": "1", "object_repr": "Vegetarian", "action_flag": 1, "change_message": "[{\"added\": {}}]"}}, {"model": "admin.logentry", "pk": 3, "fields": {"action_time": "2019-02-27T08:41:32.379Z", "user": 1, "content_type": 7, "object_id": "2", "object_repr": "Vietnamese", "action_flag": 1, "change_message": "[{\"added\": {}}]"}}, {"model": "admin.logentry", "pk": 4, "fields": {"action_time": "2019-02-27T08:41:39.903Z", "user": 1, "content_type": 7, "object_id": "3", "object_repr": "Korean", "action_flag": 1, "change_message": "[{\"added\": {}}]"}}, {"model": "admin.logentry", "pk": 5, "fields": {"action_time": "2019-02-27T08:41:45.239Z", "user": 1, "content_type": 7, "object_id": "4", "object_repr": "Japanese", "action_flag": 1, "change_message": "[{\"added\": {}}]"}}, {"model": "admin.logentry", "pk": 6, "fields": {"action_time": "2019-02-27T08:41:50.174Z", "user": 1, "content_type": 7, "object_id": "5", "object_repr": "Malaysian", "action_flag": 1, "change_message": "[{\"added\": {}}]"}}, {"model": "admin.logentry", "pk": 7, "fields": {"action_time": "2019-02-27T08:42:04.353Z", "user": 1, "content_type": 7, "object_id": "6", "object_repr": "Local Delights", "action_flag": 1, "change_message": "[{\"added\": {}}]"}}, {"model": "admin.logentry", "pk": 8, "fields": {"action_time": "2019-02-27T08:42:46.514Z", "user": 1, "content_type": 9, "object_id": "1", "object_repr": "Makisan", "action_flag": 1, "change_message": "[{\"added\": {}}]"}}, {"model": "admin.logentry", "pk": 9, "fields": {"action_time": "2019-02-27T08:42:49.081Z", "user": 1, "content_type": 9, "object_id": "1", "object_repr": "Makisan", "action_flag": 2, "change_message": "[]"}}, {"model": "admin.logentry", "pk": 10, "fields": {"action_time": "2019-02-27T08:43:05.060Z", "user": 1, "content_type": 9, "object_id": "2", "object_repr": "Ah Long Pancake", "action_flag": 1, "change_message": "[{\"added\": {}}]"}}, {"model": "admin.logentry", "pk": 11, "fields": {"action_time": "2019-02-27T08:43:11.984Z", "user": 1, "content_type": 9, "object_id": "1", "object_repr": "Makisan", "action_flag": 2, "change_message": "[{\"changed\": {\"fields\": [\"restaurant_address\"]}}]"}}, {"model": "admin.logentry", "pk": 12, "fields": {"action_time": "2019-02-27T08:43:49.936Z", "user": 1, "content_type": 9, "object_id": "3", "object_repr": "VeganBurg", "action_flag": 1, "change_message": "[{\"added\": {}}]"}}, {"model": "admin.logentry", "pk": 13, "fields": {"action_time": "2019-02-27T08:44:20.249Z", "user": 1, "content_type": 9, "object_id": "4", "object_repr": "Vietnam Delights", "action_flag": 1, "change_message": "[{\"added\": {}}]"}}, {"model": "admin.logentry", "pk": 14, "fields": {"action_time": "2019-02-27T08:44:59.838Z", "user": 1, "content_type": 9, "object_id": "5", "object_repr": "Don Dae Bak", "action_flag": 1, "change_message": "[{\"added\": {}}]"}}, {"model": "admin.logentry", "pk": 15, "fields": {"action_time": "2019-02-27T08:45:59.140Z", "user": 1, "content_type": 9, "object_id": "6", "object_repr": "Whole Earth Thai", "action_flag": 1, "change_message": "[{\"added\": {}}]"}}, {"model": "admin.logentry", "pk": 16, "fields": {"action_time": "2019-02-27T08:48:38.111Z", "user": 1, "content_type": 11, "object_id": "1", "object_repr": "Tempura Enoki was too huge a chunk!! Too oily, it was dripping oil...:(", "action_flag": 1, "change_message": "[{\"added\": {}}]"}}, {"model": "admin.logentry", "pk": 17, "fields": {"action_time": "2019-02-27T09:04:37.646Z", "user": 1, "content_type": 11, "object_id": "2", "object_repr": "Too oily!!!!!", "action_flag": 1, "change_message": "[{\"added\": {}}]"}}, {"model": "admin.logentry", "pk": 18, "fields": {"action_time": "2019-02-27T09:05:20.779Z", "user": 1, "content_type": 4, "object_id": "3", "object_repr": "sapkute", "action_flag": 1, "change_message": "[{\"added\": {}}]"}}, {"model": "admin.logentry", "pk": 19, "fields": {"action_time": "2019-02-27T09:06:07.425Z", "user": 1, "content_type": 11, "object_id": "1", "object_repr": "Tempura Enoki was too huge a chunk!! Too oily, it was dripping oil...:(", "action_flag": 2, "change_message": "[{\"changed\": {\"fields\": [\"review_user\", \"review_likes\"]}}]"}}, {"model": "admin.logentry", "pk": 20, "fields": {"action_time": "2019-02-27T09:06:29.639Z", "user": 1, "content_type": 4, "object_id": "4", "object_repr": "geraldine", "action_flag": 1, "change_message": "[{\"added\": {}}]"}}, {"model": "admin.logentry", "pk": 21, "fields": {"action_time": "2019-02-27T09:06:47.221Z", "user": 1, "content_type": 11, "object_id": "3", "object_repr": "YUMMY!! :D Will be back!", "action_flag": 1, "change_message": "[{\"added\": {}}]"}}, {"model": "admin.logentry", "pk": 22, "fields": {"action_time": "2019-02-27T09:09:09.090Z", "user": 1, "content_type": 10, "object_id": "1", "object_repr": "i agree!", "action_flag": 1, "change_message": "[{\"added\": {}}]"}}, {"model": "admin.logentry", "pk": 23, "fields": {"action_time": "2019-02-27T09:09:22.535Z", "user": 1, "content_type": 10, "object_id": "2", "object_repr": "ya lorrr", "action_flag": 1, "change_message": "[{\"added\": {}}]"}}, {"model": "admin.logentry", "pk": 24, "fields": {"action_time": "2019-02-27T09:09:40.814Z", "user": 1, "content_type": 10, "object_id": "3", "object_repr": "Sure???", "action_flag": 1, "change_message": "[{\"added\": {}}]"}}, {"model": "admin.logentry", "pk": 25, "fields": {"action_time": "2019-02-27T09:10:02.141Z", "user": 1, "content_type": 10, "object_id": "4", "object_repr": "Nyaaaaaaa", "action_flag": 1, "change_message": "[{\"added\": {}}]"}}, {"model": "admin.logentry", "pk": 26, "fields": {"action_time": "2019-02-27T09:10:32.703Z", "user": 1, "content_type": 8, "object_id": "1", "object_repr": "So bad la yall", "action_flag": 1, "change_message": "[{\"added\": {}}]"}}, {"model": "admin.logentry", "pk": 27, "fields": {"action_time": "2019-02-27T09:10:46.678Z", "user": 1, "content_type": 8, "object_id": "2", "object_repr": "IKR!", "action_flag": 1, "change_message": "[{\"added\": {}}]"}}, {"model": "admin.logentry", "pk": 28, "fields": {"action_time": "2019-02-27T10:35:47.186Z", "user": 1, "content_type": 3, "object_id": "1", "object_repr": "Foodie", "action_flag": 1, "change_message": "[{\"added\": {}}]"}}, {"model": "admin.logentry", "pk": 29, "fields": {"action_time": "2019-02-27T10:36:39.501Z", "user": 1, "content_type": 4, "object_id": "4", "object_repr": "geraldine", "action_flag": 2, "change_message": "[{\"changed\": {\"fields\": [\"groups\"]}}]"}}, {"model": "admin.logentry", "pk": 30, "fields": {"action_time": "2019-02-27T10:36:49.403Z", "user": 1, "content_type": 4, "object_id": "2", "object_repr": "natalie", "action_flag": 2, "change_message": "[{\"changed\": {\"fields\": [\"groups\"]}}]"}}, {"model": "admin.logentry", "pk": 31, "fields": {"action_time": "2019-02-27T10:37:04.469Z", "user": 1, "content_type": 4, "object_id": "3", "object_repr": "sapkute", "action_flag": 2, "change_message": "[{\"changed\": {\"fields\": [\"groups\"]}}]"}}, {"model": "admin.logentry", "pk": 32, "fields": {"action_time": "2019-07-21T09:02:31.370Z", "user": 1, "content_type": 8, "object_id": "38", "object_repr": "homg!", "action_flag": 3, "change_message": ""}}, {"model": "admin.logentry", "pk": 33, "fields": {"action_time": "2019-07-21T09:02:31.383Z", "user": 1, "content_type": 8, "object_id": "37", "object_repr": "jaosjdfoasdf", "action_flag": 3, "change_message": ""}}, {"model": "admin.logentry", "pk": 34, "fields": {"action_time": "2019-07-21T09:02:31.392Z", "user": 1, "content_type": 8, "object_id": "36", "object_repr": "WHATTTT", "action_flag": 3, "change_message": ""}}, {"model": "admin.logentry", "pk": 35, "fields": {"action_time": "2019-07-21T09:02:31.400Z", "user": 1, "content_type": 8, "object_id": "35", "object_repr": "HOLLLYYYYY", "action_flag": 3, "change_message": ""}}, {"model": "admin.logentry", "pk": 36, "fields": {"action_time": "2019-07-21T09:02:31.408Z", "user": 1, "content_type": 8, "object_id": "34", "object_repr": "OMG", "action_flag": 3, "change_message": ""}}, {"model": "admin.logentry", "pk": 37, "fields": {"action_time": "2019-07-21T09:02:31.416Z", "user": 1, "content_type": 8, "object_id": "33", "object_repr": "first reply!", "action_flag": 3, "change_message": ""}}, {"model": "admin.logentry", "pk": 38, "fields": {"action_time": "2019-07-21T09:02:31.424Z", "user": 1, "content_type": 8, "object_id": "32", "object_repr": "hahaha", "action_flag": 3, "change_message": ""}}, {"model": "admin.logentry", "pk": 39, "fields": {"action_time": "2019-07-21T09:02:31.432Z", "user": 1, "content_type": 8, "object_id": "31", "object_repr": "asdfa", "action_flag": 3, "change_message": ""}}, {"model": "admin.logentry", "pk": 40, "fields": {"action_time": "2019-07-21T09:02:31.440Z", "user": 1, "content_type": 8, "object_id": "30", "object_repr": "asdfa", "action_flag": 3, "change_message": ""}}, {"model": "admin.logentry", "pk": 41, "fields": {"action_time": "2019-07-21T09:02:31.449Z", "user": 1, "content_type": 8, "object_id": "29", "object_repr": "asdfa", "action_flag": 3, "change_message": ""}}, {"model": "admin.logentry", "pk": 42, "fields": {"action_time": "2019-07-21T09:02:31.457Z", "user": 1, "content_type": 8, "object_id": "28", "object_repr": "asdfa", "action_flag": 3, "change_message": ""}}, {"model": "admin.logentry", "pk": 43, "fields": {"action_time": "2019-07-21T09:02:31.465Z", "user": 1, "content_type": 8, "object_id": "27", "object_repr": "asdfa", "action_flag": 3, "change_message": ""}}, {"model": "admin.logentry", "pk": 44, "fields": {"action_time": "2019-07-21T09:02:31.474Z", "user": 1, "content_type": 8, "object_id": "26", "object_repr": "asdfa", "action_flag": 3, "change_message": ""}}, {"model": "admin.logentry", "pk": 45, "fields": {"action_time": "2019-07-21T09:02:31.481Z", "user": 1, "content_type": 8, "object_id": "25", "object_repr": "asdfa", "action_flag": 3, "change_message": ""}}, {"model": "admin.logentry", "pk": 46, "fields": {"action_time": "2019-07-21T09:02:31.491Z", "user": 1, "content_type": 8, "object_id": "24", "object_repr": "asdfa", "action_flag": 3, "change_message": ""}}, {"model": "admin.logentry", "pk": 47, "fields": {"action_time": "2019-07-21T09:02:31.499Z", "user": 1, "content_type": 8, "object_id": "23", "object_repr": "asdfa", "action_flag": 3, "change_message": ""}}, {"model": "admin.logentry", "pk": 48, "fields": {"action_time": "2019-07-21T09:02:31.506Z", "user": 1, "content_type": 8, "object_id": "22", "object_repr": "asdfa", "action_flag": 3, "change_message": ""}}, {"model": "admin.logentry", "pk": 49, "fields": {"action_time": "2019-07-21T09:02:31.514Z", "user": 1, "content_type": 8, "object_id": "21", "object_repr": "asdfa", "action_flag": 3, "change_message": ""}}, {"model": "admin.logentry", "pk": 50, "fields": {"action_time": "2019-07-21T09:02:31.522Z", "user": 1, "content_type": 8, "object_id": "20", "object_repr": "asdfa", "action_flag": 3, "change_message": ""}}, {"model": "admin.logentry", "pk": 51, "fields": {"action_time": "2019-07-21T09:02:31.531Z", "user": 1, "content_type": 8, "object_id": "19", "object_repr": "asdfa", "action_flag": 3, "change_message": ""}}, {"model": "admin.logentry", "pk": 52, "fields": {"action_time": "2019-07-21T09:02:31.542Z", "user": 1, "content_type": 8, "object_id": "18", "object_repr": "asdfa", "action_flag": 3, "change_message": ""}}, {"model": "admin.logentry", "pk": 53, "fields": {"action_time": "2019-07-21T09:02:31.553Z", "user": 1, "content_type": 8, "object_id": "17", "object_repr": "s", "action_flag": 3, "change_message": ""}}, {"model": "admin.logentry", "pk": 54, "fields": {"action_time": "2019-07-21T09:02:31.562Z", "user": 1, "content_type": 8, "object_id": "16", "object_repr": "3", "action_flag": 3, "change_message": ""}}, {"model": "admin.logentry", "pk": 55, "fields": {"action_time": "2019-07-21T09:02:31.572Z", "user": 1, "content_type": 8, "object_id": "15", "object_repr": "2", "action_flag": 3, "change_message": ""}}, {"model": "admin.logentry", "pk": 56, "fields": {"action_time": "2019-07-21T09:02:31.582Z", "user": 1, "content_type": 8, "object_id": "14", "object_repr": "1", "action_flag": 3, "change_message": ""}}, {"model": "admin.logentry", "pk": 57, "fields": {"action_time": "2019-07-21T09:02:31.591Z", "user": 1, "content_type": 8, "object_id": "13", "object_repr": "OMG i agree", "action_flag": 3, "change_message": ""}}, {"model": "admin.logentry", "pk": 58, "fields": {"action_time": "2019-07-21T09:02:31.600Z", "user": 1, "content_type": 8, "object_id": "12", "object_repr": "d", "action_flag": 3, "change_message": ""}}, {"model": "admin.logentry", "pk": 59, "fields": {"action_time": "2019-07-21T09:02:31.609Z", "user": 1, "content_type": 8, "object_id": "11", "object_repr": "c", "action_flag": 3, "change_message": ""}}, {"model": "admin.logentry", "pk": 60, "fields": {"action_time": "2019-07-21T09:02:31.619Z", "user": 1, "content_type": 8, "object_id": "10", "object_repr": "b", "action_flag": 3, "change_message": ""}}, {"model": "admin.logentry", "pk": 61, "fields": {"action_time": "2019-07-21T09:02:31.629Z", "user": 1, "content_type": 8, "object_id": "9", "object_repr": "a", "action_flag": 3, "change_message": ""}}, {"model": "admin.logentry", "pk": 62, "fields": {"action_time": "2019-07-21T09:02:31.637Z", "user": 1, "content_type": 8, "object_id": "8", "object_repr": "", "action_flag": 3, "change_message": ""}}, {"model": "admin.logentry", "pk": 63, "fields": {"action_time": "2019-07-21T09:02:31.646Z", "user": 1, "content_type": 8, "object_id": "7", "object_repr": "hohoh", "action_flag": 3, "change_message": ""}}, {"model": "admin.logentry", "pk": 64, "fields": {"action_time": "2019-07-21T09:02:31.656Z", "user": 1, "content_type": 8, "object_id": "6", "object_repr": "jjj", "action_flag": 3, "change_message": ""}}, {"model": "admin.logentry", "pk": 65, "fields": {"action_time": "2019-07-21T09:02:31.667Z", "user": 1, "content_type": 8, "object_id": "5", "object_repr": "uuuu", "action_flag": 3, "change_message": ""}}, {"model": "admin.logentry", "pk": 66, "fields": {"action_time": "2019-07-21T09:02:31.677Z", "user": 1, "content_type": 8, "object_id": "4", "object_repr": "jaosjdfoasdf", "action_flag": 3, "change_message": ""}}, {"model": "admin.logentry", "pk": 67, "fields": {"action_time": "2019-07-21T09:02:31.685Z", "user": 1, "content_type": 8, "object_id": "3", "object_repr": "OMG", "action_flag": 3, "change_message": ""}}, {"model": "admin.logentry", "pk": 68, "fields": {"action_time": "2019-07-21T09:02:31.695Z", "user": 1, "content_type": 8, "object_id": "2", "object_repr": "IKR!", "action_flag": 3, "change_message": ""}}, {"model": "admin.logentry", "pk": 69, "fields": {"action_time": "2019-07-21T09:02:31.704Z", "user": 1, "content_type": 8, "object_id": "1", "object_repr": "So bad la yall", "action_flag": 3, "change_message": ""}}, {"model": "admin.logentry", "pk": 70, "fields": {"action_time": "2019-07-21T09:02:43.655Z", "user": 1, "content_type": 10, "object_id": "35", "object_repr": "kkk", "action_flag": 3, "change_message": ""}}, {"model": "admin.logentry", "pk": 71, "fields": {"action_time": "2019-07-21T09:02:43.667Z", "user": 1, "content_type": 10, "object_id": "34", "object_repr": "k", "action_flag": 3, "change_message": ""}}, {"model": "admin.logentry", "pk": 72, "fields": {"action_time": "2019-07-21T09:02:43.676Z", "user": 1, "content_type": 10, "object_id": "33", "object_repr": "kkkkk", "action_flag": 3, "change_message": ""}}, {"model": "admin.logentry", "pk": 73, "fields": {"action_time": "2019-07-21T09:02:43.684Z", "user": 1, "content_type": 10, "object_id": "32", "object_repr": "aaaa", "action_flag": 3, "change_message": ""}}, {"model": "admin.logentry", "pk": 74, "fields": {"action_time": "2019-07-21T09:02:43.692Z", "user": 1, "content_type": 10, "object_id": "31", "object_repr": "aaaa", "action_flag": 3, "change_message": ""}}, {"model": "admin.logentry", "pk": 75, "fields": {"action_time": "2019-07-21T09:02:43.700Z", "user": 1, "content_type": 10, "object_id": "30", "object_repr": "LKKKK", "action_flag": 3, "change_message": ""}}, {"model": "admin.logentry", "pk": 76, "fields": {"action_time": "2019-07-21T09:02:43.709Z", "user": 1, "content_type": 10, "object_id": "29", "object_repr": "PPPPP", "action_flag": 3, "change_message": ""}}, {"model": "admin.logentry", "pk": 77, "fields": {"action_time": "2019-07-21T09:02:43.719Z", "user": 1, "content_type": 10, "object_id": "28", "object_repr": "ho ho ho i like this review", "action_flag": 3, "change_message": ""}}, {"model": "admin.logentry", "pk": 78, "fields": {"action_time": "2019-07-21T09:02:43.726Z", "user": 1, "content_type": 10, "object_id": "27", "object_repr": "holy cow", "action_flag": 3, "change_message": ""}}, {"model": "admin.logentry", "pk": 79, "fields": {"action_time": "2019-07-21T09:02:43.734Z", "user": 1, "content_type": 10, "object_id": "26", "object_repr": "holy cow", "action_flag": 3, "change_message": ""}}, {"model": "admin.logentry", "pk": 80, "fields": {"action_time": "2019-07-21T09:02:43.743Z", "user": 1, "content_type": 10, "object_id": "25", "object_repr": "holy cow", "action_flag": 3, "change_message": ""}}, {"model": "admin.logentry", "pk": 81, "fields": {"action_time": "2019-07-21T09:02:43.751Z", "user": 1, "content_type": 10, "object_id": "24", "object_repr": "holy cow", "action_flag": 3, "change_message": ""}}, {"model": "admin.logentry", "pk": 82, "fields": {"action_time": "2019-07-21T09:02:43.759Z", "user": 1, "content_type": 10, "object_id": "23", "object_repr": "holy cow", "action_flag": 3, "change_message": ""}}, {"model": "admin.logentry", "pk": 83, "fields": {"action_time": "2019-07-21T09:02:43.768Z", "user": 1, "content_type": 10, "object_id": "22", "object_repr": "holy cow", "action_flag": 3, "change_message": ""}}, {"model": "admin.logentry", "pk": 84, "fields": {"action_time": "2019-07-21T09:02:43.776Z", "user": 1, "content_type": 10, "object_id": "21", "object_repr": "first comment!", "action_flag": 3, "change_message": ""}}, {"model": "admin.logentry", "pk": 85, "fields": {"action_time": "2019-07-21T09:02:43.784Z", "user": 1, "content_type": 10, "object_id": "20", "object_repr": "d", "action_flag": 3, "change_message": ""}}, {"model": "admin.logentry", "pk": 86, "fields": {"action_time": "2019-07-21T09:02:43.792Z", "user": 1, "content_type": 10, "object_id": "19", "object_repr": "d", "action_flag": 3, "change_message": ""}}, {"model": "admin.logentry", "pk": 87, "fields": {"action_time": "2019-07-21T09:02:43.800Z", "user": 1, "content_type": 10, "object_id": "18", "object_repr": "d", "action_flag": 3, "change_message": ""}}, {"model": "admin.logentry", "pk": 88, "fields": {"action_time": "2019-07-21T09:02:43.808Z", "user": 1, "content_type": 10, "object_id": "17", "object_repr": "d", "action_flag": 3, "change_message": ""}}, {"model": "admin.logentry", "pk": 89, "fields": {"action_time": "2019-07-21T09:02:43.816Z", "user": 1, "content_type": 10, "object_id": "16", "object_repr": "d", "action_flag": 3, "change_message": ""}}, {"model": "admin.logentry", "pk": 90, "fields": {"action_time": "2019-07-21T09:02:43.824Z", "user": 1, "content_type": 10, "object_id": "15", "object_repr": "b", "action_flag": 3, "change_message": ""}}, {"model": "admin.logentry", "pk": 91, "fields": {"action_time": "2019-07-21T09:02:43.833Z", "user": 1, "content_type": 10, "object_id": "14", "object_repr": "a", "action_flag": 3, "change_message": ""}}, {"model": "admin.logentry", "pk": 92, "fields": {"action_time": "2019-07-21T09:02:43.840Z", "user": 1, "content_type": 10, "object_id": "13", "object_repr": "asdf", "action_flag": 3, "change_message": ""}}, {"model": "admin.logentry", "pk": 93, "fields": {"action_time": "2019-07-21T09:02:43.849Z", "user": 1, "content_type": 10, "object_id": "12", "object_repr": "", "action_flag": 3, "change_message": ""}}, {"model": "admin.logentry", "pk": 94, "fields": {"action_time": "2019-07-21T09:02:43.857Z", "user": 1, "content_type": 10, "object_id": "11", "object_repr": "ho ho ho i like this review", "action_flag": 3, "change_message": ""}}, {"model": "admin.logentry", "pk": 95, "fields": {"action_time": "2019-07-21T09:02:43.866Z", "user": 1, "content_type": 10, "object_id": "10", "object_repr": "asdfa", "action_flag": 3, "change_message": ""}}, {"model": "admin.logentry", "pk": 96, "fields": {"action_time": "2019-07-21T09:02:43.874Z", "user": 1, "content_type": 10, "object_id": "9", "object_repr": "hohoho agree", "action_flag": 3, "change_message": ""}}, {"model": "admin.logentry", "pk": 97, "fields": {"action_time": "2019-07-21T09:02:43.882Z", "user": 1, "content_type": 10, "object_id": "8", "object_repr": "This is awesome!", "action_flag": 3, "change_message": ""}}, {"model": "admin.logentry", "pk": 98, "fields": {"action_time": "2019-07-21T09:02:43.890Z", "user": 1, "content_type": 10, "object_id": "7", "object_repr": "jajaa", "action_flag": 3, "change_message": ""}}, {"model": "admin.logentry", "pk": 99, "fields": {"action_time": "2019-07-21T09:02:43.898Z", "user": 1, "content_type": 10, "object_id": "6", "object_repr": "ho ho ho i like this review", "action_flag": 3, "change_message": ""}}, {"model": "admin.logentry", "pk": 100, "fields": {"action_time": "2019-07-21T09:02:43.906Z", "user": 1, "content_type": 10, "object_id": "5", "object_repr": "asdfasf dfgva", "action_flag": 3, "change_message": ""}}, {"model": "admin.logentry", "pk": 101, "fields": {"action_time": "2019-07-21T09:02:43.914Z", "user": 1, "content_type": 10, "object_id": "4", "object_repr": "Nyaaaaaaa", "action_flag": 3, "change_message": ""}}, {"model": "admin.logentry", "pk": 102, "fields": {"action_time": "2019-07-21T09:02:43.922Z", "user": 1, "content_type": 10, "object_id": "3", "object_repr": "Sure???", "action_flag": 3, "change_message": ""}}, {"model": "admin.logentry", "pk": 103, "fields": {"action_time": "2019-07-21T09:02:43.931Z", "user": 1, "content_type": 10, "object_id": "2", "object_repr": "ya lorrr", "action_flag": 3, "change_message": ""}}, {"model": "admin.logentry", "pk": 104, "fields": {"action_time": "2019-07-21T09:02:43.940Z", "user": 1, "content_type": 10, "object_id": "1", "object_repr": "i agree!", "action_flag": 3, "change_message": ""}}, {"model": "admin.logentry", "pk": 105, "fields": {"action_time": "2019-07-21T09:03:16.136Z", "user": 1, "content_type": 11, "object_id": "38", "object_repr": "b", "action_flag": 3, "change_message": ""}}, {"model": "admin.logentry", "pk": 106, "fields": {"action_time": "2019-07-21T09:03:16.149Z", "user": 1, "content_type": 11, "object_id": "34", "object_repr": "B", "action_flag": 3, "change_message": ""}}, {"model": "admin.logentry", "pk": 107, "fields": {"action_time": "2019-07-21T09:03:16.158Z", "user": 1, "content_type": 11, "object_id": "30", "object_repr": "e", "action_flag": 3, "change_message": ""}}, {"model": "admin.logentry", "pk": 108, "fields": {"action_time": "2019-07-21T09:03:16.166Z", "user": 1, "content_type": 11, "object_id": "29", "object_repr": "t", "action_flag": 3, "change_message": ""}}, {"model": "admin.logentry", "pk": 109, "fields": {"action_time": "2019-07-21T09:03:16.177Z", "user": 1, "content_type": 11, "object_id": "28", "object_repr": "r", "action_flag": 3, "change_message": ""}}, {"model": "admin.logentry", "pk": 110, "fields": {"action_time": "2019-07-21T09:03:16.186Z", "user": 1, "content_type": 11, "object_id": "27", "object_repr": "g", "action_flag": 3, "change_message": ""}}, {"model": "admin.logentry", "pk": 111, "fields": {"action_time": "2019-07-21T09:03:16.194Z", "user": 1, "content_type": 11, "object_id": "26", "object_repr": "b", "action_flag": 3, "change_message": ""}}, {"model": "admin.logentry", "pk": 112, "fields": {"action_time": "2019-07-21T09:03:16.203Z", "user": 1, "content_type": 11, "object_id": "25", "object_repr": "e", "action_flag": 3, "change_message": ""}}, {"model": "admin.logentry", "pk": 113, "fields": {"action_time": "2019-07-21T09:03:16.211Z", "user": 1, "content_type": 11, "object_id": "24", "object_repr": "r", "action_flag": 3, "change_message": ""}}, {"model": "admin.logentry", "pk": 114, "fields": {"action_time": "2019-07-21T09:03:16.219Z", "user": 1, "content_type": 11, "object_id": "23", "object_repr": "f", "action_flag": 3, "change_message": ""}}, {"model": "admin.logentry", "pk": 115, "fields": {"action_time": "2019-07-21T09:03:16.227Z", "user": 1, "content_type": 11, "object_id": "22", "object_repr": "c", "action_flag": 3, "change_message": ""}}, {"model": "admin.logentry", "pk": 116, "fields": {"action_time": "2019-07-21T09:03:16.235Z", "user": 1, "content_type": 11, "object_id": "21", "object_repr": "dd", "action_flag": 3, "change_message": ""}}, {"model": "admin.logentry", "pk": 117, "fields": {"action_time": "2019-07-21T09:03:16.243Z", "user": 1, "content_type": 11, "object_id": "20", "object_repr": "fff", "action_flag": 3, "change_message": ""}}, {"model": "admin.logentry", "pk": 118, "fields": {"action_time": "2019-07-21T09:03:16.250Z", "user": 1, "content_type": 11, "object_id": "19", "object_repr": "yyy", "action_flag": 3, "change_message": ""}}, {"model": "admin.logentry", "pk": 119, "fields": {"action_time": "2019-07-21T09:03:16.258Z", "user": 1, "content_type": 11, "object_id": "18", "object_repr": "bbbbb", "action_flag": 3, "change_message": ""}}, {"model": "admin.logentry", "pk": 120, "fields": {"action_time": "2019-07-21T09:03:16.267Z", "user": 1, "content_type": 11, "object_id": "17", "object_repr": "qwe", "action_flag": 3, "change_message": ""}}, {"model": "admin.logentry", "pk": 121, "fields": {"action_time": "2019-07-21T09:03:16.276Z", "user": 1, "content_type": 11, "object_id": "16", "object_repr": "b", "action_flag": 3, "change_message": ""}}, {"model": "admin.logentry", "pk": 122, "fields": {"action_time": "2019-07-21T09:03:16.283Z", "user": 1, "content_type": 11, "object_id": "15", "object_repr": "5", "action_flag": 3, "change_message": ""}}, {"model": "admin.logentry", "pk": 123, "fields": {"action_time": "2019-07-21T09:03:16.292Z", "user": 1, "content_type": 11, "object_id": "14", "object_repr": "def", "action_flag": 3, "change_message": ""}}, {"model": "admin.logentry", "pk": 124, "fields": {"action_time": "2019-07-21T09:03:16.300Z", "user": 1, "content_type": 11, "object_id": "11", "object_repr": "", "action_flag": 3, "change_message": ""}}, {"model": "admin.logentry", "pk": 125, "fields": {"action_time": "2019-07-21T09:03:16.308Z", "user": 1, "content_type": 11, "object_id": "10", "object_repr": "a", "action_flag": 3, "change_message": ""}}, {"model": "admin.logentry", "pk": 126, "fields": {"action_time": "2019-07-21T09:03:16.316Z", "user": 1, "content_type": 11, "object_id": "9", "object_repr": "", "action_flag": 3, "change_message": ""}}, {"model": "admin.logentry", "pk": 127, "fields": {"action_time": "2019-07-21T09:03:16.323Z", "user": 1, "content_type": 11, "object_id": "7", "object_repr": "", "action_flag": 3, "change_message": ""}}, {"model": "admin.logentry", "pk": 128, "fields": {"action_time": "2019-07-21T09:03:16.331Z", "user": 1, "content_type": 11, "object_id": "5", "object_repr": "", "action_flag": 3, "change_message": ""}}, {"model": "admin.logentry", "pk": 129, "fields": {"action_time": "2019-07-21T12:49:52.209Z", "user": 1, "content_type": 10, "object_id": "36", "object_repr": "ho ho ho i like this review", "action_flag": 3, "change_message": ""}}, {"model": "admin.logentry", "pk": 130, "fields": {"action_time": "2019-07-21T15:44:17.516Z", "user": 1, "content_type": 10, "object_id": "57", "object_repr": "b", "action_flag": 3, "change_message": ""}}, {"model": "admin.logentry", "pk": 131, "fields": {"action_time": "2019-07-21T15:44:17.529Z", "user": 1, "content_type": 10, "object_id": "56", "object_repr": "aa", "action_flag": 3, "change_message": ""}}, {"model": "admin.logentry", "pk": 132, "fields": {"action_time": "2019-07-21T15:44:17.538Z", "user": 1, "content_type": 10, "object_id": "55", "object_repr": "ttt8", "action_flag": 3, "change_message": ""}}, {"model": "admin.logentry", "pk": 133, "fields": {"action_time": "2019-07-21T15:44:17.546Z", "user": 1, "content_type": 10, "object_id": "54", "object_repr": "ttt", "action_flag": 3, "change_message": ""}}, {"model": "admin.logentry", "pk": 134, "fields": {"action_time": "2019-07-21T15:44:17.555Z", "user": 1, "content_type": 10, "object_id": "53", "object_repr": "s", "action_flag": 3, "change_message": ""}}, {"model": "admin.logentry", "pk": 135, "fields": {"action_time": "2019-07-21T15:44:17.563Z", "user": 1, "content_type": 10, "object_id": "52", "object_repr": "asdf", "action_flag": 3, "change_message": ""}}, {"model": "admin.logentry", "pk": 136, "fields": {"action_time": "2019-07-21T15:44:17.573Z", "user": 1, "content_type": 10, "object_id": "51", "object_repr": "y12t2", "action_flag": 3, "change_message": ""}}, {"model": "admin.logentry", "pk": 137, "fields": {"action_time": "2019-07-21T15:44:17.581Z", "user": 1, "content_type": 10, "object_id": "50", "object_repr": "y12", "action_flag": 3, "change_message": ""}}, {"model": "admin.logentry", "pk": 138, "fields": {"action_time": "2019-07-21T15:44:17.590Z", "user": 1, "content_type": 10, "object_id": "49", "object_repr": "t11", "action_flag": 3, "change_message": ""}}, {"model": "admin.logentry", "pk": 139, "fields": {"action_time": "2019-07-21T15:44:17.600Z", "user": 1, "content_type": 10, "object_id": "48", "object_repr": "t9", "action_flag": 3, "change_message": ""}}, {"model": "admin.logentry", "pk": 140, "fields": {"action_time": "2019-07-21T15:44:17.608Z", "user": 1, "content_type": 10, "object_id": "47", "object_repr": "t8!", "action_flag": 3, "change_message": ""}}, {"model": "admin.logentry", "pk": 141, "fields": {"action_time": "2019-07-21T15:44:17.617Z", "user": 1, "content_type": 10, "object_id": "46", "object_repr": "t7", "action_flag": 3, "change_message": ""}}, {"model": "admin.logentry", "pk": 142, "fields": {"action_time": "2019-07-21T15:44:17.625Z", "user": 1, "content_type": 10, "object_id": "45", "object_repr": "test adding 6", "action_flag": 3, "change_message": ""}}, {"model": "admin.logentry", "pk": 143, "fields": {"action_time": "2019-07-21T15:44:17.634Z", "user": 1, "content_type": 10, "object_id": "44", "object_repr": "test adding 5", "action_flag": 3, "change_message": ""}}, {"model": "admin.logentry", "pk": 144, "fields": {"action_time": "2019-07-21T15:44:17.642Z", "user": 1, "content_type": 10, "object_id": "43", "object_repr": "test adding 4", "action_flag": 3, "change_message": ""}}, {"model": "admin.logentry", "pk": 145, "fields": {"action_time": "2019-07-21T15:44:17.651Z", "user": 1, "content_type": 10, "object_id": "42", "object_repr": "test adding 3!", "action_flag": 3, "change_message": ""}}, {"model": "admin.logentry", "pk": 146, "fields": {"action_time": "2019-07-21T15:44:17.659Z", "user": 1, "content_type": 10, "object_id": "41", "object_repr": "test adding 2!", "action_flag": 3, "change_message": ""}}, {"model": "admin.logentry", "pk": 147, "fields": {"action_time": "2019-07-21T15:44:17.668Z", "user": 1, "content_type": 10, "object_id": "40", "object_repr": "test adding", "action_flag": 3, "change_message": ""}}, {"model": "admin.logentry", "pk": 148, "fields": {"action_time": "2019-07-21T15:44:17.677Z", "user": 1, "content_type": 10, "object_id": "39", "object_repr": "asdfa", "action_flag": 3, "change_message": ""}}, {"model": "admin.logentry", "pk": 149, "fields": {"action_time": "2019-07-21T15:44:17.686Z", "user": 1, "content_type": 10, "object_id": "38", "object_repr": "REAL TEST API", "action_flag": 3, "change_message": ""}}, {"model": "admin.logentry", "pk": 150, "fields": {"action_time": "2019-07-21T15:44:17.695Z", "user": 1, "content_type": 10, "object_id": "37", "object_repr": "TESTING COMMENT ADD API", "action_flag": 3, "change_message": ""}}, {"model": "admin.logentry", "pk": 151, "fields": {"action_time": "2019-07-21T16:02:35.137Z", "user": 1, "content_type": 10, "object_id": "73", "object_repr": "asdfa", "action_flag": 3, "change_message": ""}}, {"model": "admin.logentry", "pk": 152, "fields": {"action_time": "2019-07-21T16:02:35.152Z", "user": 1, "content_type": 10, "object_id": "72", "object_repr": "kkkk", "action_flag": 3, "change_message": ""}}, {"model": "admin.logentry", "pk": 153, "fields": {"action_time": "2019-07-21T16:02:35.161Z", "user": 1, "content_type": 10, "object_id": "71", "object_repr": "aaa", "action_flag": 3, "change_message": ""}}, {"model": "admin.logentry", "pk": 154, "fields": {"action_time": "2019-07-21T16:02:35.170Z", "user": 1, "content_type": 10, "object_id": "70", "object_repr": "asfda", "action_flag": 3, "change_message": ""}}, {"model": "admin.logentry", "pk": 155, "fields": {"action_time": "2019-07-21T16:02:35.179Z", "user": 1, "content_type": 10, "object_id": "69", "object_repr": "asdfas", "action_flag": 3, "change_message": ""}}, {"model": "admin.logentry", "pk": 156, "fields": {"action_time": "2019-07-21T16:02:35.187Z", "user": 1, "content_type": 10, "object_id": "68", "object_repr": "asfasd", "action_flag": 3, "change_message": ""}}, {"model": "admin.logentry", "pk": 157, "fields": {"action_time": "2019-07-21T16:02:35.196Z", "user": 1, "content_type": 10, "object_id": "67", "object_repr": "asdfas", "action_flag": 3, "change_message": ""}}, {"model": "admin.logentry", "pk": 158, "fields": {"action_time": "2019-07-21T16:02:35.204Z", "user": 1, "content_type": 10, "object_id": "66", "object_repr": "hohoho", "action_flag": 3, "change_message": ""}}, {"model": "admin.logentry", "pk": 159, "fields": {"action_time": "2019-07-21T16:02:35.212Z", "user": 1, "content_type": 10, "object_id": "65", "object_repr": "asdfasf", "action_flag": 3, "change_message": ""}}, {"model": "admin.logentry", "pk": 160, "fields": {"action_time": "2019-07-21T16:02:35.220Z", "user": 1, "content_type": 10, "object_id": "64", "object_repr": "asdfas", "action_flag": 3, "change_message": ""}}, {"model": "admin.logentry", "pk": 161, "fields": {"action_time": "2019-07-21T16:02:35.230Z", "user": 1, "content_type": 10, "object_id": "63", "object_repr": "kkkk", "action_flag": 3, "change_message": ""}}, {"model": "admin.logentry", "pk": 162, "fields": {"action_time": "2019-07-21T16:02:35.238Z", "user": 1, "content_type": 10, "object_id": "62", "object_repr": "asdf", "action_flag": 3, "change_message": ""}}, {"model": "admin.logentry", "pk": 163, "fields": {"action_time": "2019-07-21T16:02:35.246Z", "user": 1, "content_type": 10, "object_id": "61", "object_repr": "gkk", "action_flag": 3, "change_message": ""}}, {"model": "admin.logentry", "pk": 164, "fields": {"action_time": "2019-07-21T16:02:35.255Z", "user": 1, "content_type": 10, "object_id": "60", "object_repr": "g", "action_flag": 3, "change_message": ""}}, {"model": "admin.logentry", "pk": 165, "fields": {"action_time": "2019-07-21T16:02:35.263Z", "user": 1, "content_type": 10, "object_id": "59", "object_repr": "asdf", "action_flag": 3, "change_message": ""}}, {"model": "admin.logentry", "pk": 166, "fields": {"action_time": "2019-07-21T16:02:35.271Z", "user": 1, "content_type": 10, "object_id": "58", "object_repr": "asdf", "action_flag": 3, "change_message": ""}}, {"model": "admin.logentry", "pk": 167, "fields": {"action_time": "2019-07-21T16:05:01.106Z", "user": 1, "content_type": 10, "object_id": "77", "object_repr": "YOOHOO222", "action_flag": 3, "change_message": ""}}, {"model": "admin.logentry", "pk": 168, "fields": {"action_time": "2019-07-21T16:05:01.118Z", "user": 1, "content_type": 10, "object_id": "76", "object_repr": "YOOHOO222", "action_flag": 3, "change_message": ""}}, {"model": "admin.logentry", "pk": 169, "fields": {"action_time": "2019-07-25T11:17:09.117Z", "user": 1, "content_type": 8, "object_id": "51", "object_repr": "REPLLTTT2", "action_flag": 3, "change_message": ""}}, {"model": "admin.logentry", "pk": 170, "fields": {"action_time": "2019-07-25T11:17:09.135Z", "user": 1, "content_type": 8, "object_id": "50", "object_repr": "REPLLTTT2", "action_flag": 3, "change_message": ""}}, {"model": "admin.logentry", "pk": 171, "fields": {"action_time": "2019-07-25T11:17:09.146Z", "user": 1, "content_type": 8, "object_id": "49", "object_repr": "REPLLTTT2", "action_flag": 3, "change_message": ""}}, {"model": "admin.logentry", "pk": 172, "fields": {"action_time": "2019-07-25T11:17:09.158Z", "user": 1, "content_type": 8, "object_id": "48", "object_repr": "REPLLTTT", "action_flag": 3, "change_message": ""}}, {"model": "admin.logentry", "pk": 173, "fields": {"action_time": "2019-07-25T11:17:09.173Z", "user": 1, "content_type": 8, "object_id": "47", "object_repr": "of cos!", "action_flag": 3, "change_message": ""}}, {"model": "admin.logentry", "pk": 174, "fields": {"action_time": "2019-07-25T11:17:09.185Z", "user": 1, "content_type": 8, "object_id": "46", "object_repr": "OMG", "action_flag": 3, "change_message": ""}}, {"model": "admin.logentry", "pk": 175, "fields": {"action_time": "2019-07-25T11:17:09.200Z", "user": 1, "content_type": 8, "object_id": "45", "object_repr": "OMG", "action_flag": 3, "change_message": ""}}, {"model": "admin.logentry", "pk": 176, "fields": {"action_time": "2019-07-25T11:17:09.216Z", "user": 1, "content_type": 8, "object_id": "44", "object_repr": "asdfa", "action_flag": 3, "change_message": ""}}, {"model": "admin.logentry", "pk": 177, "fields": {"action_time": "2019-07-25T11:17:09.229Z", "user": 1, "content_type": 8, "object_id": "43", "object_repr": "asdfa", "action_flag": 3, "change_message": ""}}, {"model": "admin.logentry", "pk": 178, "fields": {"action_time": "2019-07-25T11:17:09.241Z", "user": 1, "content_type": 8, "object_id": "42", "object_repr": "asdfa", "action_flag": 3, "change_message": ""}}, {"model": "admin.logentry", "pk": 179, "fields": {"action_time": "2019-07-25T11:17:09.257Z", "user": 1, "content_type": 8, "object_id": "41", "object_repr": "asdfa", "action_flag": 3, "change_message": ""}}, {"model": "admin.logentry", "pk": 180, "fields": {"action_time": "2019-07-25T11:17:09.268Z", "user": 1, "content_type": 8, "object_id": "40", "object_repr": "asdfa", "action_flag": 3, "change_message": ""}}, {"model": "admin.logentry", "pk": 181, "fields": {"action_time": "2019-07-25T12:00:44.225Z", "user": 1, "content_type": 8, "object_id": "64", "object_repr": "iiiii", "action_flag": 3, "change_message": ""}}, {"model": "admin.logentry", "pk": 182, "fields": {"action_time": "2019-07-25T12:00:44.240Z", "user": 1, "content_type": 8, "object_id": "63", "object_repr": "KKKKK2222", "action_flag": 3, "change_message": ""}}, {"model": "admin.logentry", "pk": 183, "fields": {"action_time": "2019-07-25T12:00:44.252Z", "user": 1, "content_type": 8, "object_id": "62", "object_repr": "KKKKK", "action_flag": 3, "change_message": ""}}, {"model": "admin.logentry", "pk": 184, "fields": {"action_time": "2019-07-25T12:00:44.262Z", "user": 1, "content_type": 8, "object_id": "61", "object_repr": "OPPPPPPP", "action_flag": 3, "change_message": ""}}, {"model": "admin.logentry", "pk": 185, "fields": {"action_time": "2019-07-25T12:00:44.271Z", "user": 1, "content_type": 8, "object_id": "60", "object_repr": "asdfasf", "action_flag": 3, "change_message": ""}}, {"model": "admin.logentry", "pk": 186, "fields": {"action_time": "2019-07-25T12:00:44.284Z", "user": 1, "content_type": 8, "object_id": "59", "object_repr": "QQQQQQ", "action_flag": 3, "change_message": ""}}, {"model": "admin.logentry", "pk": 187, "fields": {"action_time": "2019-07-25T12:00:44.298Z", "user": 1, "content_type": 8, "object_id": "58", "object_repr": "PPPPPPPPPPPP", "action_flag": 3, "change_message": ""}}, {"model": "admin.logentry", "pk": 188, "fields": {"action_time": "2019-07-25T12:00:44.314Z", "user": 1, "content_type": 8, "object_id": "57", "object_repr": "OOOOOOO", "action_flag": 3, "change_message": ""}}, {"model": "admin.logentry", "pk": 189, "fields": {"action_time": "2019-07-25T12:00:44.330Z", "user": 1, "content_type": 8, "object_id": "56", "object_repr": "abcdddddddddddd", "action_flag": 3, "change_message": ""}}, {"model": "admin.logentry", "pk": 190, "fields": {"action_time": "2019-07-25T12:00:44.344Z", "user": 1, "content_type": 8, "object_id": "55", "object_repr": "asdf", "action_flag": 3, "change_message": ""}}, {"model": "admin.logentry", "pk": 191, "fields": {"action_time": "2019-07-25T12:00:44.359Z", "user": 1, "content_type": 8, "object_id": "54", "object_repr": "HOHOH", "action_flag": 3, "change_message": ""}}, {"model": "admin.logentry", "pk": 192, "fields": {"action_time": "2019-07-25T12:00:44.375Z", "user": 1, "content_type": 8, "object_id": "53", "object_repr": "asdfas", "action_flag": 3, "change_message": ""}}, {"model": "admin.logentry", "pk": 193, "fields": {"action_time": "2019-07-25T12:00:44.394Z", "user": 1, "content_type": 8, "object_id": "52", "object_repr": "ABC", "action_flag": 3, "change_message": ""}}, {"model": "admin.logentry", "pk": 194, "fields": {"action_time": "2019-07-25T12:15:00.930Z", "user": 1, "content_type": 8, "object_id": "68", "object_repr": "asda", "action_flag": 3, "change_message": ""}}, {"model": "admin.logentry", "pk": 195, "fields": {"action_time": "2019-07-25T12:15:00.949Z", "user": 1, "content_type": 8, "object_id": "67", "object_repr": "asdfas", "action_flag": 3, "change_message": ""}}, {"model": "admin.logentry", "pk": 196, "fields": {"action_time": "2019-07-25T12:15:00.959Z", "user": 1, "content_type": 8, "object_id": "66", "object_repr": "asdfasdf", "action_flag": 3, "change_message": ""}}, {"model": "admin.logentry", "pk": 197, "fields": {"action_time": "2019-07-25T12:15:00.974Z", "user": 1, "content_type": 8, "object_id": "65", "object_repr": "asfadsf", "action_flag": 3, "change_message": ""}}, {"model": "admin.logentry", "pk": 198, "fields": {"action_time": "2019-07-26T09:01:14.838Z", "user": 1, "content_type": 9, "object_id": "7", "object_repr": "Papparich", "action_flag": 1, "change_message": "[{\"added\": {}}]"}}, {"model": "admin.logentry", "pk": 199, "fields": {"action_time": "2019-07-26T09:01:27.140Z", "user": 1, "content_type": 9, "object_id": "8", "object_repr": "North South East West", "action_flag": 1, "change_message": "[{\"added\": {}}]"}}, {"model": "admin.logentry", "pk": 200, "fields": {"action_time": "2019-07-26T09:01:44.986Z", "user": 1, "content_type": 9, "object_id": "9", "object_repr": "Well-Dressed Salad Bar", "action_flag": 1, "change_message": "[{\"added\": {}}]"}}, {"model": "admin.logentry", "pk": 201, "fields": {"action_time": "2019-07-26T09:01:59.696Z", "user": 1, "content_type": 9, "object_id": "10", "object_repr": "So Pho", "action_flag": 1, "change_message": "[{\"added\": {}}]"}}, {"model": "admin.logentry", "pk": 202, "fields": {"action_time": "2019-07-26T09:02:35.376Z", "user": 1, "content_type": 9, "object_id": "11", "object_repr": "Little Vietnam", "action_flag": 1, "change_message": "[{\"added\": {}}]"}}, {"model": "admin.logentry", "pk": 203, "fields": {"action_time": "2019-07-26T09:02:46.446Z", "user": 1, "content_type": 9, "object_id": "12", "object_repr": "Nam Nam Noodle Bar", "action_flag": 1, "change_message": "[{\"added\": {}}]"}}, {"model": "admin.logentry", "pk": 204, "fields": {"action_time": "2019-07-26T09:03:03.620Z", "user": 1, "content_type": 9, "object_id": "13", "object_repr": "Manna Story", "action_flag": 1, "change_message": "[{\"added\": {}}]"}}, {"model": "admin.logentry", "pk": 205, "fields": {"action_time": "2019-07-26T09:03:12.380Z", "user": 1, "content_type": 9, "object_id": "14", "object_repr": "Genki Sushi", "action_flag": 1, "change_message": "[{\"added\": {}}]"}}, {"model": "admin.logentry", "pk": 206, "fields": {"action_time": "2019-07-26T09:03:22.878Z", "user": 1, "content_type": 9, "object_id": "15", "object_repr": "Ajisen Ramen", "action_flag": 1, "change_message": "[{\"added\": {}}]"}}, {"model": "admin.logentry", "pk": 207, "fields": {"action_time": "2019-07-26T09:03:59.855Z", "user": 1, "content_type": 9, "object_id": "16", "object_repr": "Ampang Niang Tou Fu", "action_flag": 1, "change_message": "[{\"added\": {}}]"}}, {"model": "admin.logentry", "pk": 208, "fields": {"action_time": "2019-07-26T09:04:29.780Z", "user": 1, "content_type": 9, "object_id": "17", "object_repr": "Pastamanna", "action_flag": 1, "change_message": "[{\"added\": {}}]"}}, {"model": "admin.logentry", "pk": 209, "fields": {"action_time": "2019-07-26T09:05:19.305Z", "user": 1, "content_type": 9, "object_id": "18", "object_repr": "Dong Ji Fried Kway Teow", "action_flag": 1, "change_message": "[{\"added\": {}}]"}}, {"model": "admin.logentry", "pk": 210, "fields": {"action_time": "2019-07-26T09:05:45.034Z", "user": 1, "content_type": 9, "object_id": "19", "object_repr": "Toastbox", "action_flag": 1, "change_message": "[{\"added\": {}}]"}}, {"model": "admin.logentry", "pk": 211, "fields": {"action_time": "2019-07-26T09:18:46.300Z", "user": 1, "content_type": 9, "object_id": "18", "object_repr": "Dongji Kway Teow", "action_flag": 2, "change_message": "[{\"changed\": {\"fields\": [\"restaurant_text\"]}}]"}}, {"model": "admin.logentry", "pk": 212, "fields": {"action_time": "2019-07-26T09:38:45.243Z", "user": 1, "content_type": 11, "object_id": "51", "object_repr": "A reason i love this place is because of its vibes. Great place to hang out!", "action_flag": 1, "change_message": "[{\"added\": {}}]"}}, {"model": "admin.logentry", "pk": 213, "fields": {"action_time": "2019-07-26T11:03:58.143Z", "user": 1, "content_type": 10, "object_id": "103", "object_repr": "dfgsdgsgf", "action_flag": 3, "change_message": ""}}, {"model": "admin.logentry", "pk": 214, "fields": {"action_time": "2019-07-26T11:03:58.156Z", "user": 1, "content_type": 10, "object_id": "102", "object_repr": "OKKK", "action_flag": 3, "change_message": ""}}, {"model": "admin.logentry", "pk": 215, "fields": {"action_time": "2019-07-26T11:03:58.166Z", "user": 1, "content_type": 10, "object_id": "101", "object_repr": "Agree!", "action_flag": 3, "change_message": ""}}, {"model": "admin.logentry", "pk": 216, "fields": {"action_time": "2019-07-26T11:03:58.174Z", "user": 1, "content_type": 10, "object_id": "100", "object_repr": "BBBB", "action_flag": 3, "change_message": ""}}, {"model": "admin.logentry", "pk": 217, "fields": {"action_time": "2019-07-26T11:03:58.182Z", "user": 1, "content_type": 10, "object_id": "99", "object_repr": "AAAA", "action_flag": 3, "change_message": ""}}, {"model": "admin.logentry", "pk": 218, "fields": {"action_time": "2019-07-26T11:03:58.191Z", "user": 1, "content_type": 10, "object_id": "98", "object_repr": "HOHOHO", "action_flag": 3, "change_message": ""}}, {"model": "admin.logentry", "pk": 219, "fields": {"action_time": "2019-07-26T11:03:58.200Z", "user": 1, "content_type": 10, "object_id": "97", "object_repr": "jjjj", "action_flag": 3, "change_message": ""}}, {"model": "admin.logentry", "pk": 220, "fields": {"action_time": "2019-07-26T11:03:58.209Z", "user": 1, "content_type": 10, "object_id": "96", "object_repr": "ho ho ho i like this review", "action_flag": 3, "change_message": ""}}, {"model": "admin.logentry", "pk": 221, "fields": {"action_time": "2019-07-26T11:03:58.218Z", "user": 1, "content_type": 10, "object_id": "95", "object_repr": "def", "action_flag": 3, "change_message": ""}}, {"model": "admin.logentry", "pk": 222, "fields": {"action_time": "2019-07-26T11:03:58.227Z", "user": 1, "content_type": 10, "object_id": "94", "object_repr": "abc", "action_flag": 3, "change_message": ""}}, {"model": "admin.logentry", "pk": 223, "fields": {"action_time": "2019-07-26T11:03:58.236Z", "user": 1, "content_type": 10, "object_id": "93", "object_repr": "asdf", "action_flag": 3, "change_message": ""}}, {"model": "admin.logentry", "pk": 224, "fields": {"action_time": "2019-07-26T11:03:58.245Z", "user": 1, "content_type": 10, "object_id": "92", "object_repr": "asdfa", "action_flag": 3, "change_message": ""}}, {"model": "admin.logentry", "pk": 225, "fields": {"action_time": "2019-07-26T11:03:58.253Z", "user": 1, "content_type": 10, "object_id": "91", "object_repr": "abc", "action_flag": 3, "change_message": ""}}, {"model": "admin.logentry", "pk": 226, "fields": {"action_time": "2019-07-26T11:03:58.263Z", "user": 1, "content_type": 10, "object_id": "88", "object_repr": "ho ho ho i like this review", "action_flag": 3, "change_message": ""}}, {"model": "admin.logentry", "pk": 227, "fields": {"action_time": "2019-07-26T11:03:58.272Z", "user": 1, "content_type": 10, "object_id": "87", "object_repr": "asdf", "action_flag": 3, "change_message": ""}}, {"model": "admin.logentry", "pk": 228, "fields": {"action_time": "2019-07-26T11:03:58.282Z", "user": 1, "content_type": 10, "object_id": "86", "object_repr": "BBBB", "action_flag": 3, "change_message": ""}}, {"model": "admin.logentry", "pk": 229, "fields": {"action_time": "2019-07-26T11:03:58.291Z", "user": 1, "content_type": 10, "object_id": "85", "object_repr": "asdfas", "action_flag": 3, "change_message": ""}}, {"model": "admin.logentry", "pk": 230, "fields": {"action_time": "2019-07-26T11:03:58.300Z", "user": 1, "content_type": 10, "object_id": "84", "object_repr": "BBBBB", "action_flag": 3, "change_message": ""}}, {"model": "admin.logentry", "pk": 231, "fields": {"action_time": "2019-07-26T11:03:58.309Z", "user": 1, "content_type": 10, "object_id": "83", "object_repr": "asdfas", "action_flag": 3, "change_message": ""}}, {"model": "admin.logentry", "pk": 232, "fields": {"action_time": "2019-07-26T11:03:58.318Z", "user": 1, "content_type": 10, "object_id": "82", "object_repr": "adsfa", "action_flag": 3, "change_message": ""}}, {"model": "admin.logentry", "pk": 233, "fields": {"action_time": "2019-07-26T11:03:58.329Z", "user": 1, "content_type": 10, "object_id": "81", "object_repr": "sdfvgs", "action_flag": 3, "change_message": ""}}, {"model": "admin.logentry", "pk": 234, "fields": {"action_time": "2019-07-26T11:03:58.338Z", "user": 1, "content_type": 10, "object_id": "80", "object_repr": "ho ho ho i like this review", "action_flag": 3, "change_message": ""}}, {"model": "admin.logentry", "pk": 235, "fields": {"action_time": "2019-07-26T11:03:58.350Z", "user": 1, "content_type": 10, "object_id": "79", "object_repr": "yoohoo4", "action_flag": 3, "change_message": ""}}, {"model": "admin.logentry", "pk": 236, "fields": {"action_time": "2019-07-26T11:03:58.359Z", "user": 1, "content_type": 10, "object_id": "78", "object_repr": "yoohoo3", "action_flag": 3, "change_message": ""}}, {"model": "admin.logentry", "pk": 237, "fields": {"action_time": "2019-07-26T11:03:58.368Z", "user": 1, "content_type": 10, "object_id": "75", "object_repr": "YOOHOO222", "action_flag": 3, "change_message": ""}}, {"model": "admin.logentry", "pk": 238, "fields": {"action_time": "2019-07-26T11:03:58.378Z", "user": 1, "content_type": 10, "object_id": "74", "object_repr": "YOOHOO", "action_flag": 3, "change_message": ""}}, {"model": "auth.permission", "pk": 1, "fields": {"name": "Can add log entry", "content_type": 1, "codename": "add_logentry"}}, {"model": "auth.permission", "pk": 2, "fields": {"name": "Can change log entry", "content_type": 1, "codename": "change_logentry"}}, {"model": "auth.permission", "pk": 3, "fields": {"name": "Can delete log entry", "content_type": 1, "codename": "delete_logentry"}}, {"model": "auth.permission", "pk": 4, "fields": {"name": "Can view log entry", "content_type": 1, "codename": "view_logentry"}}, {"model": "auth.permission", "pk": 5, "fields": {"name": "Can add permission", "content_type": 2, "codename": "add_permission"}}, {"model": "auth.permission", "pk": 6, "fields": {"name": "Can change permission", "content_type": 2, "codename": "change_permission"}}, {"model": "auth.permission", "pk": 7, "fields": {"name": "Can delete permission", "content_type": 2, "codename": "delete_permission"}}, {"model": "auth.permission", "pk": 8, "fields": {"name": "Can view permission", "content_type": 2, "codename": "view_permission"}}, {"model": "auth.permission", "pk": 9, "fields": {"name": "Can add group", "content_type": 3, "codename": "add_group"}}, {"model": "auth.permission", "pk": 10, "fields": {"name": "Can change group", "content_type": 3, "codename": "change_group"}}, {"model": "auth.permission", "pk": 11, "fields": {"name": "Can delete group", "content_type": 3, "codename": "delete_group"}}, {"model": "auth.permission", "pk": 12, "fields": {"name": "Can view group", "content_type": 3, "codename": "view_group"}}, {"model": "auth.permission", "pk": 13, "fields": {"name": "Can add user", "content_type": 4, "codename": "add_user"}}, {"model": "auth.permission", "pk": 14, "fields": {"name": "Can change user", "content_type": 4, "codename": "change_user"}}, {"model": "auth.permission", "pk": 15, "fields": {"name": "Can delete user", "content_type": 4, "codename": "delete_user"}}, {"model": "auth.permission", "pk": 16, "fields": {"name": "Can view user", "content_type": 4, "codename": "view_user"}}, {"model": "auth.permission", "pk": 17, "fields": {"name": "Can add content type", "content_type": 5, "codename": "add_contenttype"}}, {"model": "auth.permission", "pk": 18, "fields": {"name": "Can change content type", "content_type": 5, "codename": "change_contenttype"}}, {"model": "auth.permission", "pk": 19, "fields": {"name": "Can delete content type", "content_type": 5, "codename": "delete_contenttype"}}, {"model": "auth.permission", "pk": 20, "fields": {"name": "Can view content type", "content_type": 5, "codename": "view_contenttype"}}, {"model": "auth.permission", "pk": 21, "fields": {"name": "Can add session", "content_type": 6, "codename": "add_session"}}, {"model": "auth.permission", "pk": 22, "fields": {"name": "Can change session", "content_type": 6, "codename": "change_session"}}, {"model": "auth.permission", "pk": 23, "fields": {"name": "Can delete session", "content_type": 6, "codename": "delete_session"}}, {"model": "auth.permission", "pk": 24, "fields": {"name": "Can view session", "content_type": 6, "codename": "view_session"}}, {"model": "auth.permission", "pk": 25, "fields": {"name": "Can add reply", "content_type": 8, "codename": "add_reply"}}, {"model": "auth.permission", "pk": 26, "fields": {"name": "Can change reply", "content_type": 8, "codename": "change_reply"}}, {"model": "auth.permission", "pk": 27, "fields": {"name": "Can delete reply", "content_type": 8, "codename": "delete_reply"}}, {"model": "auth.permission", "pk": 28, "fields": {"name": "Can view reply", "content_type": 8, "codename": "view_reply"}}, {"model": "auth.permission", "pk": 29, "fields": {"name": "Can add category", "content_type": 7, "codename": "add_category"}}, {"model": "auth.permission", "pk": 30, "fields": {"name": "Can change category", "content_type": 7, "codename": "change_category"}}, {"model": "auth.permission", "pk": 31, "fields": {"name": "Can delete category", "content_type": 7, "codename": "delete_category"}}, {"model": "auth.permission", "pk": 32, "fields": {"name": "Can view category", "content_type": 7, "codename": "view_category"}}, {"model": "auth.permission", "pk": 33, "fields": {"name": "Can add restaurant", "content_type": 9, "codename": "add_restaurant"}}, {"model": "auth.permission", "pk": 34, "fields": {"name": "Can change restaurant", "content_type": 9, "codename": "change_restaurant"}}, {"model": "auth.permission", "pk": 35, "fields": {"name": "Can delete restaurant", "content_type": 9, "codename": "delete_restaurant"}}, {"model": "auth.permission", "pk": 36, "fields": {"name": "Can view restaurant", "content_type": 9, "codename": "view_restaurant"}}, {"model": "auth.permission", "pk": 37, "fields": {"name": "Can add comment", "content_type": 10, "codename": "add_comment"}}, {"model": "auth.permission", "pk": 38, "fields": {"name": "Can change comment", "content_type": 10, "codename": "change_comment"}}, {"model": "auth.permission", "pk": 39, "fields": {"name": "Can delete comment", "content_type": 10, "codename": "delete_comment"}}, {"model": "auth.permission", "pk": 40, "fields": {"name": "Can view comment", "content_type": 10, "codename": "view_comment"}}, {"model": "auth.permission", "pk": 41, "fields": {"name": "Can add review", "content_type": 11, "codename": "add_review"}}, {"model": "auth.permission", "pk": 42, "fields": {"name": "Can change review", "content_type": 11, "codename": "change_review"}}, {"model": "auth.permission", "pk": 43, "fields": {"name": "Can delete review", "content_type": 11, "codename": "delete_review"}}, {"model": "auth.permission", "pk": 44, "fields": {"name": "Can view review", "content_type": 11, "codename": "view_review"}}, {"model": "auth.permission", "pk": 45, "fields": {"name": "Can add like", "content_type": 12, "codename": "add_like"}}, {"model": "auth.permission", "pk": 46, "fields": {"name": "Can change like", "content_type": 12, "codename": "change_like"}}, {"model": "auth.permission", "pk": 47, "fields": {"name": "Can delete like", "content_type": 12, "codename": "delete_like"}}, {"model": "auth.permission", "pk": 48, "fields": {"name": "Can view like", "content_type": 12, "codename": "view_like"}}, {"model": "auth.group", "pk": 1, "fields": {"name": "Foodie", "permissions": [32, 37, 40, 25, 28, 36, 41, 44]}}, {"model": "auth.user", "pk": 1, "fields": {"password": "pbkdf2_sha256$150000$DHwvdNKjRtFt$LnOrObxg0NW8Hksqd0RtnN+FQagpFjfJBgNCg40Vl6g=", "last_login": "2019-07-26T11:03:19.730Z", "is_superuser": true, "username": "admin", "first_name": "", "last_name": "", "email": "admin@foodies.com", "is_staff": true, "is_active": true, "date_joined": "2019-02-27T08:28:03.689Z", "groups": [], "user_permissions": []}}, {"model": "auth.user", "pk": 2, "fields": {"password": "pbkdf2_sha256$150000$4YRIx9XGMji8$dWoIyoTLETppzemwP3YxTfK5G4o3/CO8VCEkEMKi23w=", "last_login": "2019-07-26T14:09:31.529Z", "is_superuser": false, "username": "natalie", "first_name": "", "last_name": "", "email": "", "is_staff": false, "is_active": true, "date_joined": "2019-02-27T08:30:51Z", "groups": [1], "user_permissions": []}}, {"model": "auth.user", "pk": 3, "fields": {"password": "pbkdf2_sha256$150000$WOsdP1M1SMwD$REKnQaZtRTuNIuHKnL5UYHoCuPzJvuztl7tZ8PAT9SA=", "last_login": "2019-07-26T10:38:33.016Z", "is_superuser": false, "username": "sapkute", "first_name": "", "last_name": "", "email": "", "is_staff": false, "is_active": true, "date_joined": "2019-02-27T09:05:20Z", "groups": [1], "user_permissions": []}}, {"model": "auth.user", "pk": 4, "fields": {"password": "pbkdf2_sha256$150000$68HvQIpSloPE$L5vmoU8kWdrZIJ/sL/uleQwLgrYg/0Q51HoPefB1fZk=", "last_login": "2019-07-26T14:03:37.897Z", "is_superuser": false, "username": "geraldine", "first_name": "", "last_name": "", "email": "", "is_staff": false, "is_active": true, "date_joined": "2019-02-27T09:06:29Z", "groups": [1], "user_permissions": []}}, {"model": "contenttypes.contenttype", "pk": 1, "fields": {"app_label": "admin", "model": "logentry"}}, {"model": "contenttypes.contenttype", "pk": 2, "fields": {"app_label": "auth", "model": "permission"}}, {"model": "contenttypes.contenttype", "pk": 3, "fields": {"app_label": "auth", "model": "group"}}, {"model": "contenttypes.contenttype", "pk": 4, "fields": {"app_label": "auth", "model": "user"}}, {"model": "contenttypes.contenttype", "pk": 5, "fields": {"app_label": "contenttypes", "model": "contenttype"}}, {"model": "contenttypes.contenttype", "pk": 6, "fields": {"app_label": "sessions", "model": "session"}}, {"model": "contenttypes.contenttype", "pk": 7, "fields": {"app_label": "reviewapp", "model": "category"}}, {"model": "contenttypes.contenttype", "pk": 8, "fields": {"app_label": "reviewapp", "model": "reply"}}, {"model": "contenttypes.contenttype", "pk": 9, "fields": {"app_label": "reviewapp", "model": "restaurant"}}, {"model": "contenttypes.contenttype", "pk": 10, "fields": {"app_label": "reviewapp", "model": "comment"}}, {"model": "contenttypes.contenttype", "pk": 11, "fields": {"app_label": "reviewapp", "model": "review"}}, {"model": "contenttypes.contenttype", "pk": 12, "fields": {"app_label": "reviewapp", "model": "like"}}, {"model": "sessions.session", "pk": "0br8ovyn71sjieuh7uucv4ycd18xraf6", "fields": {"session_data": "OWQ5ZWM1YThlNmYyNTU5ZjkyZjYyYmE1MzQ5NGQ1OTNhMDk5YmI1Yjp7Il9hdXRoX3VzZXJfaWQiOiIyIiwiX2F1dGhfdXNlcl9iYWNrZW5kIjoiZGphbmdvLmNvbnRyaWIuYXV0aC5iYWNrZW5kcy5Nb2RlbEJhY2tlbmQiLCJfYXV0aF91c2VyX2hhc2giOiIyZGViZGM5OGE2ZmQyNTA1ODJkNzA5OTY0M2VjYmRiNmE3NDMyYjJhIn0=", "expire_date": "2019-07-30T05:44:18.561Z"}}, {"model": "sessions.session", "pk": "16bld6mvdw8rb8c4e7ybcr6x57aqhy3j", "fields": {"session_data": "ZDNlMTNkYThjOGYyYTczMTRlMGQwYjI0YzI5MGVhMzYyZjM3NzQ4Mjp7Il9hdXRoX3VzZXJfaWQiOiI0IiwiX2F1dGhfdXNlcl9iYWNrZW5kIjoiZGphbmdvLmNvbnRyaWIuYXV0aC5iYWNrZW5kcy5Nb2RlbEJhY2tlbmQiLCJfYXV0aF91c2VyX2hhc2giOiI1YjUxOTM0NDVmNTE5OGY5NGI0MWRlMjY2M2ExZmIzM2IxZGMxYmZmIn0=", "expire_date": "2019-03-30T14:58:48.749Z"}}, {"model": "sessions.session", "pk": "2exalcc7jfrk0ne34dq4qlgngcahghhr", "fields": {"session_data": "NGNlZDc3YmJlZmE3NmMxMjllYTQ3NmMxZWViYjFmZGRkNDViZDk2NDp7Il9hdXRoX3VzZXJfaWQiOiIxIiwiX2F1dGhfdXNlcl9iYWNrZW5kIjoiZGphbmdvLmNvbnRyaWIuYXV0aC5iYWNrZW5kcy5Nb2RlbEJhY2tlbmQiLCJfYXV0aF91c2VyX2hhc2giOiJlZDk5NjhmNTAxZTE3ZTg0ZDJkNzY3M2MyMTAzZDc3NmE5YjQ4ZGE4In0=", "expire_date": "2019-08-09T09:18:29.639Z"}}, {"model": "sessions.session", "pk": "4gwl1w19ii24vg3uylmbpoyay3jeh8zw", "fields": {"session_data": "NmE5MWJmMTlhYjVjNDM0NGM2YmFiN2Q2NTgzODcxNzI2MmVkNTMwZDp7Il9hdXRoX3VzZXJfaWQiOiIxIiwiX2F1dGhfdXNlcl9iYWNrZW5kIjoiZGphbmdvLmNvbnRyaWIuYXV0aC5iYWNrZW5kcy5Nb2RlbEJhY2tlbmQiLCJfYXV0aF91c2VyX2hhc2giOiI3ZmE1YjRlY2ViMWIyYTgzN2QwMWNkY2FjN2U2ZDc5MDZmN2M4NzQ3In0=", "expire_date": "2019-03-13T08:29:46.976Z"}}, {"model": "sessions.session", "pk": "4h9ugj6esl9n9cyut0y79p042tzb0ir9", "fields": {"session_data": "OWQ5ZWM1YThlNmYyNTU5ZjkyZjYyYmE1MzQ5NGQ1OTNhMDk5YmI1Yjp7Il9hdXRoX3VzZXJfaWQiOiIyIiwiX2F1dGhfdXNlcl9iYWNrZW5kIjoiZGphbmdvLmNvbnRyaWIuYXV0aC5iYWNrZW5kcy5Nb2RlbEJhY2tlbmQiLCJfYXV0aF91c2VyX2hhc2giOiIyZGViZGM5OGE2ZmQyNTA1ODJkNzA5OTY0M2VjYmRiNmE3NDMyYjJhIn0=", "expire_date": "2019-03-17T06:26:57.441Z"}}, {"model": "sessions.session", "pk": "53nwd5yyshl4xeq8r8x21v8q6i9d248n", "fields": {"session_data": "ZDNlMTNkYThjOGYyYTczMTRlMGQwYjI0YzI5MGVhMzYyZjM3NzQ4Mjp7Il9hdXRoX3VzZXJfaWQiOiI0IiwiX2F1dGhfdXNlcl9iYWNrZW5kIjoiZGphbmdvLmNvbnRyaWIuYXV0aC5iYWNrZW5kcy5Nb2RlbEJhY2tlbmQiLCJfYXV0aF91c2VyX2hhc2giOiI1YjUxOTM0NDVmNTE5OGY5NGI0MWRlMjY2M2ExZmIzM2IxZGMxYmZmIn0=", "expire_date": "2019-03-17T15:26:48.906Z"}}, {"model": "sessions.session", "pk": "5xek28561i3zg4bsblowvwjevtrsxbwx", "fields": {"session_data": "ZjY2YWQzZmRiMDA1OTJmMWQyN2RmY2Q5YzlhY2UwOGJhMmI5MDU5NDp7Il9hdXRoX3VzZXJfaWQiOiIxIiwiX2F1dGhfdXNlcl9iYWNrZW5kIjoiZGphbmdvLmNvbnRyaWIuYXV0aC5iYWNrZW5kcy5Nb2RlbEJhY2tlbmQiLCJfYXV0aF91c2VyX2hhc2giOiJlYTRjOGZiYTBjNzIyOTM0Mzk5NmM0ZDc0ZTkyYmI4YWZkMTNiMmM2In0=", "expire_date": "2019-08-03T19:47:14.682Z"}}, {"model": "sessions.session", "pk": "5z2hkxhzyobanj9ymgf83ybtmhf2n7ir", "fields": {"session_data": "Y2NkNzZkNjc4YTAzNzkwYTkzYWQ3N2FmNGU4ZWZhYTkzODRiM2EyODp7Il9hdXRoX3VzZXJfaWQiOiI0IiwiX2F1dGhfdXNlcl9iYWNrZW5kIjoiZGphbmdvLmNvbnRyaWIuYXV0aC5iYWNrZW5kcy5Nb2RlbEJhY2tlbmQiLCJfYXV0aF91c2VyX2hhc2giOiJmNjU3NzcxZjM0MGQ3Y2M5MWYyOGQ4N2M2ZTRhOWZlNDQ2ODI0ZDQxIn0=", "expire_date": "2019-08-04T16:30:53.441Z"}}, {"model": "sessions.session", "pk": "9ty4tq76agk1660chd0a56a2mqkx7re1", "fields": {"session_data": "Y2NkNzZkNjc4YTAzNzkwYTkzYWQ3N2FmNGU4ZWZhYTkzODRiM2EyODp7Il9hdXRoX3VzZXJfaWQiOiI0IiwiX2F1dGhfdXNlcl9iYWNrZW5kIjoiZGphbmdvLmNvbnRyaWIuYXV0aC5iYWNrZW5kcy5Nb2RlbEJhY2tlbmQiLCJfYXV0aF91c2VyX2hhc2giOiJmNjU3NzcxZjM0MGQ3Y2M5MWYyOGQ4N2M2ZTRhOWZlNDQ2ODI0ZDQxIn0=", "expire_date": "2019-08-09T08:10:51.485Z"}}, {"model": "sessions.session", "pk": "bdxklxep4ad8ku7951o5gqqpvowl5oql", "fields": {"session_data": "ZDNlMTNkYThjOGYyYTczMTRlMGQwYjI0YzI5MGVhMzYyZjM3NzQ4Mjp7Il9hdXRoX3VzZXJfaWQiOiI0IiwiX2F1dGhfdXNlcl9iYWNrZW5kIjoiZGphbmdvLmNvbnRyaWIuYXV0aC5iYWNrZW5kcy5Nb2RlbEJhY2tlbmQiLCJfYXV0aF91c2VyX2hhc2giOiI1YjUxOTM0NDVmNTE5OGY5NGI0MWRlMjY2M2ExZmIzM2IxZGMxYmZmIn0=", "expire_date": "2019-04-18T14:51:51.129Z"}}, {"model": "sessions.session", "pk": "bt0eujwprt0zc9kje77dzcy6scoktg7k", "fields": {"session_data": "Y2NkNzZkNjc4YTAzNzkwYTkzYWQ3N2FmNGU4ZWZhYTkzODRiM2EyODp7Il9hdXRoX3VzZXJfaWQiOiI0IiwiX2F1dGhfdXNlcl9iYWNrZW5kIjoiZGphbmdvLmNvbnRyaWIuYXV0aC5iYWNrZW5kcy5Nb2RlbEJhY2tlbmQiLCJfYXV0aF91c2VyX2hhc2giOiJmNjU3NzcxZjM0MGQ3Y2M5MWYyOGQ4N2M2ZTRhOWZlNDQ2ODI0ZDQxIn0=", "expire_date": "2019-08-04T14:27:20.727Z"}}, {"model": "sessions.session", "pk": "c4tdj3ocpbowgl4js07kaj7ou2r9wknn", "fields": {"session_data": "ZTU2YjM2YzAyOWJiNDhhMDJkOGZlYjIxZjgyNzdkOTYwNDZkN2I1Nzp7Il9hdXRoX3VzZXJfaWQiOiIyIiwiX2F1dGhfdXNlcl9iYWNrZW5kIjoiZGphbmdvLmNvbnRyaWIuYXV0aC5iYWNrZW5kcy5Nb2RlbEJhY2tlbmQiLCJfYXV0aF91c2VyX2hhc2giOiIzMmQ3NTZhZTUxOGM1OTViZTQ3ZjJhZGFlOGI4YzE0MTYyZDkxOGI0In0=", "expire_date": "2019-08-09T11:01:55.473Z"}}, {"model": "sessions.session", "pk": "cx1dhmids1o1er3u9hx081xq274273aq", "fields": {"session_data": "ZDNlMTNkYThjOGYyYTczMTRlMGQwYjI0YzI5MGVhMzYyZjM3NzQ4Mjp7Il9hdXRoX3VzZXJfaWQiOiI0IiwiX2F1dGhfdXNlcl9iYWNrZW5kIjoiZGphbmdvLmNvbnRyaWIuYXV0aC5iYWNrZW5kcy5Nb2RlbEJhY2tlbmQiLCJfYXV0aF91c2VyX2hhc2giOiI1YjUxOTM0NDVmNTE5OGY5NGI0MWRlMjY2M2ExZmIzM2IxZGMxYmZmIn0=", "expire_date": "2019-03-17T15:22:24.615Z"}}, {"model": "sessions.session", "pk": "d1xylzggrxm7gyfe90zutqswgbih1kuz", "fields": {"session_data": "ZTU2YjM2YzAyOWJiNDhhMDJkOGZlYjIxZjgyNzdkOTYwNDZkN2I1Nzp7Il9hdXRoX3VzZXJfaWQiOiIyIiwiX2F1dGhfdXNlcl9iYWNrZW5kIjoiZGphbmdvLmNvbnRyaWIuYXV0aC5iYWNrZW5kcy5Nb2RlbEJhY2tlbmQiLCJfYXV0aF91c2VyX2hhc2giOiIzMmQ3NTZhZTUxOGM1OTViZTQ3ZjJhZGFlOGI4YzE0MTYyZDkxOGI0In0=", "expire_date": "2019-08-09T10:18:46.064Z"}}, {"model": "sessions.session", "pk": "dv0juscvs61be1yh7lmfcahxblw0ute6", "fields": {"session_data": "OWQ5ZWM1YThlNmYyNTU5ZjkyZjYyYmE1MzQ5NGQ1OTNhMDk5YmI1Yjp7Il9hdXRoX3VzZXJfaWQiOiIyIiwiX2F1dGhfdXNlcl9iYWNrZW5kIjoiZGphbmdvLmNvbnRyaWIuYXV0aC5iYWNrZW5kcy5Nb2RlbEJhY2tlbmQiLCJfYXV0aF91c2VyX2hhc2giOiIyZGViZGM5OGE2ZmQyNTA1ODJkNzA5OTY0M2VjYmRiNmE3NDMyYjJhIn0=", "expire_date": "2019-03-13T21:04:52.275Z"}}, {"model": "sessions.session", "pk": "em6q3vaix8we5adal6mwx8kd2e5n4206", "fields": {"session_data": "ZDNlMTNkYThjOGYyYTczMTRlMGQwYjI0YzI5MGVhMzYyZjM3NzQ4Mjp7Il9hdXRoX3VzZXJfaWQiOiI0IiwiX2F1dGhfdXNlcl9iYWNrZW5kIjoiZGphbmdvLmNvbnRyaWIuYXV0aC5iYWNrZW5kcy5Nb2RlbEJhY2tlbmQiLCJfYXV0aF91c2VyX2hhc2giOiI1YjUxOTM0NDVmNTE5OGY5NGI0MWRlMjY2M2ExZmIzM2IxZGMxYmZmIn0=", "expire_date": "2019-03-30T15:04:41.042Z"}}, {"model": "sessions.session", "pk": "f6y6ab0uwrfdduq9jq0gnv96y08cxoeb", "fields": {"session_data": "Y2NkNzZkNjc4YTAzNzkwYTkzYWQ3N2FmNGU4ZWZhYTkzODRiM2EyODp7Il9hdXRoX3VzZXJfaWQiOiI0IiwiX2F1dGhfdXNlcl9iYWNrZW5kIjoiZGphbmdvLmNvbnRyaWIuYXV0aC5iYWNrZW5kcy5Nb2RlbEJhY2tlbmQiLCJfYXV0aF91c2VyX2hhc2giOiJmNjU3NzcxZjM0MGQ3Y2M5MWYyOGQ4N2M2ZTRhOWZlNDQ2ODI0ZDQxIn0=", "expire_date": "2019-08-09T06:40:52.234Z"}}, {"model": "sessions.session", "pk": "fkyo9ihpue6su3mrhffce87btlxj4nvl", "fields": {"session_data": "ZDNlMTNkYThjOGYyYTczMTRlMGQwYjI0YzI5MGVhMzYyZjM3NzQ4Mjp7Il9hdXRoX3VzZXJfaWQiOiI0IiwiX2F1dGhfdXNlcl9iYWNrZW5kIjoiZGphbmdvLmNvbnRyaWIuYXV0aC5iYWNrZW5kcy5Nb2RlbEJhY2tlbmQiLCJfYXV0aF91c2VyX2hhc2giOiI1YjUxOTM0NDVmNTE5OGY5NGI0MWRlMjY2M2ExZmIzM2IxZGMxYmZmIn0=", "expire_date": "2019-03-18T01:07:52.102Z"}}, {"model": "sessions.session", "pk": "gk2ct1dibpe9rqqvw795ddf7yvb3g0bg", "fields": {"session_data": "ZDNlMTNkYThjOGYyYTczMTRlMGQwYjI0YzI5MGVhMzYyZjM3NzQ4Mjp7Il9hdXRoX3VzZXJfaWQiOiI0IiwiX2F1dGhfdXNlcl9iYWNrZW5kIjoiZGphbmdvLmNvbnRyaWIuYXV0aC5iYWNrZW5kcy5Nb2RlbEJhY2tlbmQiLCJfYXV0aF91c2VyX2hhc2giOiI1YjUxOTM0NDVmNTE5OGY5NGI0MWRlMjY2M2ExZmIzM2IxZGMxYmZmIn0=", "expire_date": "2019-05-02T10:48:49.065Z"}}, {"model": "sessions.session", "pk": "h3v2jliag3sqgavale62of8dcf474j4s", "fields": {"session_data": "ZDNlMTNkYThjOGYyYTczMTRlMGQwYjI0YzI5MGVhMzYyZjM3NzQ4Mjp7Il9hdXRoX3VzZXJfaWQiOiI0IiwiX2F1dGhfdXNlcl9iYWNrZW5kIjoiZGphbmdvLmNvbnRyaWIuYXV0aC5iYWNrZW5kcy5Nb2RlbEJhY2tlbmQiLCJfYXV0aF91c2VyX2hhc2giOiI1YjUxOTM0NDVmNTE5OGY5NGI0MWRlMjY2M2ExZmIzM2IxZGMxYmZmIn0=", "expire_date": "2019-08-03T19:35:41.727Z"}}, {"model": "sessions.session", "pk": "h64mw7pmc6s5o2dbla3vc3176quz56lz", "fields": {"session_data": "Y2NkNzZkNjc4YTAzNzkwYTkzYWQ3N2FmNGU4ZWZhYTkzODRiM2EyODp7Il9hdXRoX3VzZXJfaWQiOiI0IiwiX2F1dGhfdXNlcl9iYWNrZW5kIjoiZGphbmdvLmNvbnRyaWIuYXV0aC5iYWNrZW5kcy5Nb2RlbEJhY2tlbmQiLCJfYXV0aF91c2VyX2hhc2giOiJmNjU3NzcxZjM0MGQ3Y2M5MWYyOGQ4N2M2ZTRhOWZlNDQ2ODI0ZDQxIn0=", "expire_date": "2019-08-08T13:15:52.670Z"}}, {"model": "sessions.session", "pk": "hj5l3mbdge5kb8mxelzj1d34u4o2vc8p", "fields": {"session_data": "ZTU2YjM2YzAyOWJiNDhhMDJkOGZlYjIxZjgyNzdkOTYwNDZkN2I1Nzp7Il9hdXRoX3VzZXJfaWQiOiIyIiwiX2F1dGhfdXNlcl9iYWNrZW5kIjoiZGphbmdvLmNvbnRyaWIuYXV0aC5iYWNrZW5kcy5Nb2RlbEJhY2tlbmQiLCJfYXV0aF91c2VyX2hhc2giOiIzMmQ3NTZhZTUxOGM1OTViZTQ3ZjJhZGFlOGI4YzE0MTYyZDkxOGI0In0=", "expire_date": "2019-08-09T14:09:31.539Z"}}, {"model": "sessions.session", "pk": "hlzuyrbvcaqyslk70boeamwipnq91lsk", "fields": {"session_data": "ZDNlMTNkYThjOGYyYTczMTRlMGQwYjI0YzI5MGVhMzYyZjM3NzQ4Mjp7Il9hdXRoX3VzZXJfaWQiOiI0IiwiX2F1dGhfdXNlcl9iYWNrZW5kIjoiZGphbmdvLmNvbnRyaWIuYXV0aC5iYWNrZW5kcy5Nb2RlbEJhY2tlbmQiLCJfYXV0aF91c2VyX2hhc2giOiI1YjUxOTM0NDVmNTE5OGY5NGI0MWRlMjY2M2ExZmIzM2IxZGMxYmZmIn0=", "expire_date": "2019-03-17T16:45:50.944Z"}}, {"model": "sessions.session", "pk": "juykjnxz6viuzv7b32zxoykm6xzg59fv", "fields": {"session_data": "ZDNlMTNkYThjOGYyYTczMTRlMGQwYjI0YzI5MGVhMzYyZjM3NzQ4Mjp7Il9hdXRoX3VzZXJfaWQiOiI0IiwiX2F1dGhfdXNlcl9iYWNrZW5kIjoiZGphbmdvLmNvbnRyaWIuYXV0aC5iYWNrZW5kcy5Nb2RlbEJhY2tlbmQiLCJfYXV0aF91c2VyX2hhc2giOiI1YjUxOTM0NDVmNTE5OGY5NGI0MWRlMjY2M2ExZmIzM2IxZGMxYmZmIn0=", "expire_date": "2019-03-17T16:25:35.510Z"}}, {"model": "sessions.session", "pk": "mc2udpc1eau3gradsfjhml8m1pxpfl4c", "fields": {"session_data": "ZDNlMTNkYThjOGYyYTczMTRlMGQwYjI0YzI5MGVhMzYyZjM3NzQ4Mjp7Il9hdXRoX3VzZXJfaWQiOiI0IiwiX2F1dGhfdXNlcl9iYWNrZW5kIjoiZGphbmdvLmNvbnRyaWIuYXV0aC5iYWNrZW5kcy5Nb2RlbEJhY2tlbmQiLCJfYXV0aF91c2VyX2hhc2giOiI1YjUxOTM0NDVmNTE5OGY5NGI0MWRlMjY2M2ExZmIzM2IxZGMxYmZmIn0=", "expire_date": "2019-03-17T16:48:17.770Z"}}, {"model": "sessions.session", "pk": "o0mbbxbwuqhy4lonjobtzqfh77pklgg0", "fields": {"session_data": "ZDNlMTNkYThjOGYyYTczMTRlMGQwYjI0YzI5MGVhMzYyZjM3NzQ4Mjp7Il9hdXRoX3VzZXJfaWQiOiI0IiwiX2F1dGhfdXNlcl9iYWNrZW5kIjoiZGphbmdvLmNvbnRyaWIuYXV0aC5iYWNrZW5kcy5Nb2RlbEJhY2tlbmQiLCJfYXV0aF91c2VyX2hhc2giOiI1YjUxOTM0NDVmNTE5OGY5NGI0MWRlMjY2M2ExZmIzM2IxZGMxYmZmIn0=", "expire_date": "2019-03-17T16:39:36.618Z"}}, {"model": "sessions.session", "pk": "orlhbvogll1icb7jicfb5w3nthnqgwuo", "fields": {"session_data": "ZDNlMTNkYThjOGYyYTczMTRlMGQwYjI0YzI5MGVhMzYyZjM3NzQ4Mjp7Il9hdXRoX3VzZXJfaWQiOiI0IiwiX2F1dGhfdXNlcl9iYWNrZW5kIjoiZGphbmdvLmNvbnRyaWIuYXV0aC5iYWNrZW5kcy5Nb2RlbEJhY2tlbmQiLCJfYXV0aF91c2VyX2hhc2giOiI1YjUxOTM0NDVmNTE5OGY5NGI0MWRlMjY2M2ExZmIzM2IxZGMxYmZmIn0=", "expire_date": "2019-03-17T16:38:27.593Z"}}, {"model": "sessions.session", "pk": "ptfx161351dfu6tqxa41yk6ygf1d8jex", "fields": {"session_data": "NGNlZDc3YmJlZmE3NmMxMjllYTQ3NmMxZWViYjFmZGRkNDViZDk2NDp7Il9hdXRoX3VzZXJfaWQiOiIxIiwiX2F1dGhfdXNlcl9iYWNrZW5kIjoiZGphbmdvLmNvbnRyaWIuYXV0aC5iYWNrZW5kcy5Nb2RlbEJhY2tlbmQiLCJfYXV0aF91c2VyX2hhc2giOiJlZDk5NjhmNTAxZTE3ZTg0ZDJkNzY3M2MyMTAzZDc3NmE5YjQ4ZGE4In0=", "expire_date": "2019-08-09T09:37:58.740Z"}}, {"model": "sessions.session", "pk": "q4e4q7iihf2rkohtsf620v3bbjrkprco", "fields": {"session_data": "ZDNlMTNkYThjOGYyYTczMTRlMGQwYjI0YzI5MGVhMzYyZjM3NzQ4Mjp7Il9hdXRoX3VzZXJfaWQiOiI0IiwiX2F1dGhfdXNlcl9iYWNrZW5kIjoiZGphbmdvLmNvbnRyaWIuYXV0aC5iYWNrZW5kcy5Nb2RlbEJhY2tlbmQiLCJfYXV0aF91c2VyX2hhc2giOiI1YjUxOTM0NDVmNTE5OGY5NGI0MWRlMjY2M2ExZmIzM2IxZGMxYmZmIn0=", "expire_date": "2019-03-17T16:02:21.123Z"}}, {"model": "sessions.session", "pk": "qkkc23re22yhgxle1yyw0k6d2uh30dbf", "fields": {"session_data": "Y2NkNzZkNjc4YTAzNzkwYTkzYWQ3N2FmNGU4ZWZhYTkzODRiM2EyODp7Il9hdXRoX3VzZXJfaWQiOiI0IiwiX2F1dGhfdXNlcl9iYWNrZW5kIjoiZGphbmdvLmNvbnRyaWIuYXV0aC5iYWNrZW5kcy5Nb2RlbEJhY2tlbmQiLCJfYXV0aF91c2VyX2hhc2giOiJmNjU3NzcxZjM0MGQ3Y2M5MWYyOGQ4N2M2ZTRhOWZlNDQ2ODI0ZDQxIn0=", "expire_date": "2019-08-09T06:49:21.656Z"}}, {"model": "sessions.session", "pk": "wgozeb6utl6ljam8iciga4p5j88s18ai", "fields": {"session_data": "ZDNlMTNkYThjOGYyYTczMTRlMGQwYjI0YzI5MGVhMzYyZjM3NzQ4Mjp7Il9hdXRoX3VzZXJfaWQiOiI0IiwiX2F1dGhfdXNlcl9iYWNrZW5kIjoiZGphbmdvLmNvbnRyaWIuYXV0aC5iYWNrZW5kcy5Nb2RlbEJhY2tlbmQiLCJfYXV0aF91c2VyX2hhc2giOiI1YjUxOTM0NDVmNTE5OGY5NGI0MWRlMjY2M2ExZmIzM2IxZGMxYmZmIn0=", "expire_date": "2019-03-25T16:08:30.160Z"}}, {"model": "sessions.session", "pk": "wi2kfrcr7jour64ck5rz0ulgodfgj0dg", "fields": {"session_data": "ZDNlMTNkYThjOGYyYTczMTRlMGQwYjI0YzI5MGVhMzYyZjM3NzQ4Mjp7Il9hdXRoX3VzZXJfaWQiOiI0IiwiX2F1dGhfdXNlcl9iYWNrZW5kIjoiZGphbmdvLmNvbnRyaWIuYXV0aC5iYWNrZW5kcy5Nb2RlbEJhY2tlbmQiLCJfYXV0aF91c2VyX2hhc2giOiI1YjUxOTM0NDVmNTE5OGY5NGI0MWRlMjY2M2ExZmIzM2IxZGMxYmZmIn0=", "expire_date": "2019-03-17T16:47:38.825Z"}}, {"model": "sessions.session", "pk": "y34fel6h9ibo5m0dgz0s94kyatbbcftr", "fields": {"session_data": "ZjY2YWQzZmRiMDA1OTJmMWQyN2RmY2Q5YzlhY2UwOGJhMmI5MDU5NDp7Il9hdXRoX3VzZXJfaWQiOiIxIiwiX2F1dGhfdXNlcl9iYWNrZW5kIjoiZGphbmdvLmNvbnRyaWIuYXV0aC5iYWNrZW5kcy5Nb2RlbEJhY2tlbmQiLCJfYXV0aF91c2VyX2hhc2giOiJlYTRjOGZiYTBjNzIyOTM0Mzk5NmM0ZDc0ZTkyYmI4YWZkMTNiMmM2In0=", "expire_date": "2019-03-17T15:04:48.455Z"}}, {"model": "sessions.session", "pk": "yh60y7y6xijjl9gyixyvzvwvcie26vh5", "fields": {"session_data": "ZDNlMTNkYThjOGYyYTczMTRlMGQwYjI0YzI5MGVhMzYyZjM3NzQ4Mjp7Il9hdXRoX3VzZXJfaWQiOiI0IiwiX2F1dGhfdXNlcl9iYWNrZW5kIjoiZGphbmdvLmNvbnRyaWIuYXV0aC5iYWNrZW5kcy5Nb2RlbEJhY2tlbmQiLCJfYXV0aF91c2VyX2hhc2giOiI1YjUxOTM0NDVmNTE5OGY5NGI0MWRlMjY2M2ExZmIzM2IxZGMxYmZmIn0=", "expire_date": "2019-03-17T15:52:30.120Z"}}]